point_id,survey_no,survey_no_raw,ja,district,lat,lon,transplant_date,transplant_date_original,transplant_year_normalized,excel_row,heading_date,A106_heading_minus5_to_plus4_TMP_mea,A107_heading_plus5_to_plus24_TMP_mea,A108_corrected_TMP_mea,amylose_percent,amylose_over_19_probability_percent
R8_01,1,1,今金町,今金町イマカネチョウ,42.4454,139.9716,2026-05-20,2026-05-20,False,8,2026-07-30,19.98,22.115000000000002,22.115000000000002,16.2,0.6
R8_02,2,2,新はこだて,せたな町チョウ,42.489,139.9106,2026-05-18,2026-05-18,False,9,2026-07-31,19.81,21.68,21.68,16.6,1.6
R8_03,3,3,新はこだてシン,森町モリマチ,42.0388,140.6194,2026-05-24,2026-05-24,False,10,2026-08-04,20.480000000000004,20.729999999999997,20.729999999999997,17.5,7.5
R8_04,4,4,きょうわ,共和町キョウワチョウ,42.9939,140.5916,2026-05-22,2026-05-22,False,11,2026-07-28,21.619999999999997,22.869999999999997,23.076666666666664,15.3,0.0
R8_05,5,5,ようてい,蘭越町マチ,42.8059,140.5354,2026-05-17,2026-05-17,False,12,2026-07-28,20.71,21.920000000000005,21.920000000000005,16.4,0.9
R8_06,6,6,ようてい,ニセコ町マチ,42.7651,140.6807,2026-05-20,2026-05-20,False,13,2026-07-30,19.82,21.714999999999996,21.714999999999996,16.6,1.5
R8_07,7,7,とまこまい広域,厚真町アツマチョウ,42.7145,141.9154,2026-05-19,2026-05-19,False,14,2026-08-02,18.830000000000005,20.975,20.975,17.3,5.2
R8_08,8,8,とまこまい広域,厚真町アツマチョウ,42.654934,141.905777,2026-05-21,2026-05-21,False,15,2026-08-03,19.340000000000003,20.785000000000004,20.785000000000004,17.4,6.9
R8_09,9,9,にいかっぷ,新冠町ニイカップマチ,42.5174,142.3749,2026-05-27,2026-05-27,False,16,2026-08-05,20.470000000000002,20.345000000000002,20.345000000000002,17.9,12.9
R8_10,10,10,門別モンベツ,日高町ヒダカチョウ,42.4322,142.2607,2026-05-21,2026-05-21,False,17,2026-08-04,20.18,20.92,20.92,17.3,5.7
R8_11,11,11,みついし,新ひだか町シンマチ,42.2616,142.6377,2026-05-15,2026-05-15,False,18,2026-08-06,20.130000000000003,20.325000000000003,20.325000000000003,17.9,13.3
R8_12,12,12,とうや湖ミズウミ,壮瞥町ソウベツマチ,42.5511,140.8986,2026-05-23,2026-05-23,False,19,2026-08-02,20.01,21.565,21.565,16.7,1.9
R8_13,13,13,北いしかりキタ,当別町トウベツチョウ,43.2162,141.5281,2026-05-24,2026-05-24,False,20,2026-07-30,19.479999999999997,22.04,22.04,16.2,0.7
R8_14,14,14,道央,恵庭市エニワシ,42.9227,141.6126,2026-05-25,2026-05-25,False,21,2026-07-31,19.57,21.815,21.815,16.5,1.2
R8_15,15,15,いわみざわ,栗沢町チョウ,43.1452,141.8138,2026-05-19,2026-05-19,False,22,2026-07-28,19.840000000000003,22.07,22.07,16.2,0.6
R8_16,16,16,いわみざわ,岩見沢市イワミサワシ,43.1835,141.7028,2026-05-19,2026-05-19,False,23,2026-07-27,20.380000000000003,22.085,22.085,16.2,0.6
R8_17,17,17,きたそらち,雨竜町チョウ,43.7138,141.8927,2026-05-20,2026-05-20,False,24,2026-07-27,20.68,22.01,22.01,16.3,0.8
R8_18,18,18,きたそらち,深川市,43.7207,142.0706,2026-05-14,2026-05-14,False,25,2026-07-24,21.51,21.775,21.945,16.3,0.9
R8_19,19,19,そらち南,栗山,43.063,141.8121,2026-05-22,2026-05-22,False,26,2026-07-28,19.94,22.075000000000003,22.075000000000003,16.2,0.6
R8_20,20,20,たきかわ,滝川市シ,43.5921,141.9401,2026-05-23,2026-05-23,False,27,2026-07-29,20.05,21.965,21.965,16.3,0.8
R8_21,21,21,たきかわ,芦別市アシベツシ,43.5169,142.1951,2026-05-23,2026-05-23,False,28,2026-07-28,20.520000000000003,22.480000000000004,22.480000000000004,15.8,0.1
R8_22,22,/,ながぬま,長沼町ナガヌマチョウ,43.0314,141.6906,2026-05-19,2026-05-19,False,29,2026-07-29,19.390000000000004,21.85,21.85,16.4,1.1
R8_23,23,23,ピンネ,新十津川町シントツカワチョウ,43.528299,141.83882,2026-05-21,2026-05-21,False,30,2026-07-27,20.740000000000002,22.205,22.205,16.1,0.4
R8_24,24,24,新すながわ,奈井江町チョウ,43.4536,141.9109,2026-05-29,2026-05-29,False,31,2026-07-31,20.500000000000004,22.44,22.44,15.9,0.1
R8_25,25,25,なんぽろ,南幌町ナンポロチョウ,43.0809,141.7029,2026-05-16,2026-05-16,False,32,2026-07-27,20.15,21.770000000000003,21.770000000000003,16.5,1.3
R8_26,26,26,びばい,美唄市ビバイシ,43.3586,141.8571,2026-05-12,2026-05-12,False,33,2026-07-23,22.020000000000003,21.69,22.03,16.3,0.7
R8_27,27,27,北いぶき,秩父別町チップベツチョウ,43.7563,141.9012,2026-05-22,2026-05-22,False,34,2026-07-29,20.360000000000003,21.945,21.945,16.3,0.9
R8_28,28,28,北いぶき,妹背牛町チョウ,43.6968,141.9341,2026-05-19,2026-05-19,False,35,2026-07-27,20.630000000000003,22.04,22.04,16.2,0.7
R8_29,29,29,るもい,羽幌町ハボロチョウ,44.368572,141.718393,2026-05-20,2024-05-20,True,36,2026-07-28,21.169999999999998,22.155,22.211666666666666,16.1,0.4
R8_30,30,30,るもい,小平オビラ,44.0005,141.7578,2026-05-19,2024-05-19,True,37,2026-07-29,20.630000000000003,21.845000000000002,21.845000000000002,16.4,1.1
R8_31,31,31,あさひかわ,永山町ナガヤマチョウ,43.8037,142.4515,2026-05-13,2026-05-13,False,38,2026-07-24,21.48,21.979999999999997,22.139999999999997,16.1,0.5
R8_32,32,32,たいせつ,東鷹栖ヒガシタカス,43.8313,142.3968,2026-05-17,2026-05-17,False,39,2026-07-26,20.86,22.06,22.06,16.2,0.7
R8_33,33,33,ふらの,中富良野町ナカフラノチョウ,43.3927,142.3978,2026-05-16,2026-05-16,False,40,2026-07-24,21.699999999999996,22.23,22.46333333333333,15.8,0.1
R8_34,34,34,ふらの,富良野市フラノシ,43.4308,142.4309,2026-05-28,2026-05-28,False,41,2026-08-02,21.160000000000004,21.890000000000004,21.94333333333334,16.3,0.9
R8_35,35,35,東神楽,東神楽町ヒガシカグラチョウ,43.7031,142.4422,2026-05-13,2026-05-13,False,42,2026-07-24,21.360000000000003,21.945,22.065,16.2,0.7
R8_36,36,36,ひがしかわ,東川町ヒガシカワチョウ,43.6995,142.5335,2026-05-20,2026-05-20,False,43,2026-07-29,19.5,21.93,21.93,16.3,0.9
R8_37,37,37,当麻,当麻町トウマチョウ,43.841328,142.505747,2026-05-13,2026-05-13,False,44,2026-07-24,21.32,21.8,21.906666666666666,16.4,1.0
R8_38,38,38,ぴっぷ町,比布町ピップチョウ,43.8656,142.4709,2026-05-17,2026-05-17,False,45,2026-07-27,20.18,21.839999999999996,21.839999999999996,16.4,1.1
R8_39,39,39,びえい,美瑛町ビエイチョウ,43.5898,142.4836,2026-05-25,2026-05-25,False,46,2026-07-31,20.180000000000003,21.715,21.715,16.6,1.5
R8_40,40,40,北ひびきキタ,和寒町ワッサムチョウ,43.997966,142.423697,2026-05-19,2026-05-19,False,47,2026-07-28,19.71,21.875000000000004,21.875000000000004,16.4,1.0
