point_id,survey_no,survey_no_raw,ja,district,lat,lon,transplant_date,transplant_date_original,transplant_year_normalized,observed_heading_date,excel_row,heading_date,heading_date_source,predicted_heading_date,heading_prediction_error_days,A106_heading_minus5_to_plus4_TMP_mea,A107_heading_plus5_to_plus24_TMP_mea,A108_corrected_TMP_mea,amylose_percent,amylose_over_19_probability_percent
R8_01,1,1,今金町,今金町イマカネチョウ,42.4454,139.9716,2026-05-20,2026-05-20,False,2026-07-25,8,2026-07-25,observed,2026-07-30,-5,21.220000000000006,22.020000000000003,22.093333333333337,16.2,0.6
R8_02,2,2,新はこだて,せたな町チョウ,42.489,139.9106,2026-05-18,2026-05-18,False,,9,2026-07-31,predicted,2026-07-31,,19.81,22.470000000000002,22.470000000000002,15.8,0.1
R8_03,3,3,新はこだてシン,森町モリマチ,42.0388,140.6194,2026-05-24,2026-05-24,False,,10,2026-08-04,predicted,2026-08-04,,20.410000000000004,21.550000000000004,21.550000000000004,16.7,2.0
R8_04,4,4,きょうわ,共和町キョウワチョウ,42.9939,140.5916,2026-05-22,2026-05-22,False,2026-07-25,11,2026-07-25,observed,2026-07-28,-3,21.9,22.56,22.86,15.5,0.0
R8_05,5,5,ようてい,蘭越町マチ,42.8059,140.5354,2026-05-17,2026-05-17,False,2026-07-27,12,2026-07-27,observed,2026-07-28,-1,20.88,22.235000000000003,22.235000000000003,16.1,0.4
R8_06,6,6,ようてい,ニセコ町マチ,42.7651,140.6807,2026-05-20,2026-05-20,False,2026-07-15,13,2026-07-15,observed,2026-07-30,-15,23.16,20.835,21.555,16.7,2.0
R8_07,7,7,とまこまい広域,厚真町アツマチョウ,42.7145,141.9154,2026-05-19,2026-05-19,False,2026-07-22,14,2026-07-22,observed,2026-08-02,-11,21.23,20.445000000000004,20.521666666666672,17.7,10.1
R8_08,8,8,とまこまい広域,厚真町アツマチョウ,42.6581,141.9049,2026-05-21,2026-05-21,False,2026-07-25,15,2026-07-25,observed,2026-08-03,-9,20.11,20.91,20.91,17.3,5.7
R8_09,9,9,にいかっぷ,新冠町ニイカップマチ,42.5174,142.3749,2026-05-27,2026-05-27,False,2026-07-28,16,2026-07-28,observed,2026-08-05,-8,18.82,21.589999999999996,21.589999999999996,16.7,1.9
R8_10,10,10,門別モンベツ,日高町ヒダカチョウ,42.4322,142.2607,2026-05-21,2026-05-21,False,2026-07-29,17,2026-07-29,observed,2026-08-04,-6,18.73,22.15,22.15,16.1,0.5
R8_11,11,11,みついし,新ひだか町シンマチ,42.2616,142.6377,2026-05-15,2026-05-15,False,2026-07-25,18,2026-07-25,observed,2026-08-06,-12,19.65,20.775000000000002,20.775000000000002,17.4,7.0
R8_12,12,12,とうや湖ミズウミ,壮瞥町ソウベツマチ,42.5511,140.8986,2026-05-23,2026-05-23,False,2026-07-20,19,2026-07-20,observed,2026-08-02,-13,22.770000000000003,20.775000000000002,21.365000000000002,16.9,2.8
R8_13,13,13,北いしかりキタ,当別町トウベツチョウ,43.2162,141.5281,2026-05-24,2026-05-24,False,2026-07-24,20,2026-07-24,observed,2026-07-30,-6,21.130000000000003,21.58,21.62333333333333,16.6,1.7
R8_14,14,14,道央,恵庭市エニワシ,42.9227,141.6126,2026-05-25,2026-05-25,False,2026-07-21,21,2026-07-21,observed,2026-07-31,-10,22.300000000000004,21.135,21.568333333333335,16.7,1.9
R8_15,15,15,いわみざわ,栗沢町チョウ,43.1452,141.8138,2026-05-19,2026-05-19,False,2026-07-24,22,2026-07-24,observed,2026-07-28,-4,21.3,21.699999999999996,21.799999999999997,16.5,1.2
R8_16,16,16,いわみざわ,岩見沢市イワミサワシ,43.1835,141.7028,2026-05-19,2026-05-19,False,2026-07-23,23,2026-07-23,observed,2026-07-27,-4,21.78,21.720000000000002,21.980000000000004,16.3,0.8
R8_17,17,17,きたそらち,雨竜町チョウ,43.7138,141.8927,2026-05-20,2026-05-20,False,2026-07-19,24,2026-07-19,observed,2026-07-27,-8,23.42,21.169999999999998,21.976666666666667,16.3,0.8
R8_18,18,18,きたそらち,深川市,43.7207,142.0706,2026-05-14,2026-05-14,False,2026-07-17,25,2026-07-17,observed,2026-07-24,-7,23.8,20.974999999999998,21.90833333333333,16.4,1.0
R8_19,19,19,そらち南,栗山,43.063,141.8121,2026-05-22,2026-05-22,False,2026-07-15,26,2026-07-15,observed,2026-07-28,-13,23.419999999999998,21.060000000000002,21.866666666666667,16.4,1.1
R8_20,20,20,たきかわ,滝川市シ,43.5921,141.9401,2026-05-23,2026-05-23,False,2026-07-20,27,2026-07-20,observed,2026-07-29,-9,23.330000000000002,21.17,21.94666666666667,16.3,0.9
R8_21,21,21,たきかわ,芦別市アシベツシ,43.5169,142.1951,2026-05-23,2026-05-23,False,2026-07-20,28,2026-07-20,observed,2026-07-28,-8,23.8,21.325,22.258333333333333,16.0,0.3
R8_22,22,/,ながぬま,長沼町ナガヌマチョウ,43.0314,141.6906,2026-05-19,2026-05-19,False,2026-07-25,29,2026-07-25,observed,2026-07-29,-4,20.85,21.695,21.695,16.6,1.5
R8_23,23,23,ピンネ,新十津川町シントツカワチョウ,43.528299,141.83882,2026-05-21,2026-05-21,False,2026-07-18,30,2026-07-18,observed,2026-07-27,-9,24.0,21.085,22.085,16.2,0.6
R8_24,24,24,新すながわ,奈井江町チョウ,43.4536,141.9109,2026-05-29,2026-05-29,False,2026-07-21,31,2026-07-21,observed,2026-07-31,-10,23.310000000000002,21.855000000000004,22.625000000000004,15.7,0.0
R8_25,25,25,なんぽろ,南幌町ナンポロチョウ,43.0809,141.7029,2026-05-16,2026-05-16,False,2026-07-14,32,2026-07-14,observed,2026-07-27,-13,22.869999999999997,20.845,21.46833333333333,16.8,2.3
R8_26,26,26,びばい,美唄市ビバイシ,43.3586,141.8571,2026-05-12,2026-05-12,False,2026-07-24,33,2026-07-24,observed,2026-07-23,1,21.62,21.93,22.136666666666667,16.1,0.5
R8_27,27,27,北いぶき,秩父別町チップベツチョウ,43.7563,141.9012,2026-05-22,2026-05-22,False,2026-07-21,34,2026-07-21,observed,2026-07-29,-8,22.550000000000004,21.650000000000002,22.16666666666667,16.1,0.5
R8_28,28,28,北いぶき,妹背牛町チョウ,43.6968,141.9341,2026-05-19,2026-05-19,False,2026-07-23,35,2026-07-23,observed,2026-07-27,-4,21.720000000000002,21.895000000000003,22.135000000000005,16.2,0.5
R8_29,29,29,るもい,羽幌町ハボロチョウ,44.368572,141.718393,2026-05-20,2024-05-20,True,2026-07-22,36,2026-07-22,observed,2026-07-28,-6,22.42,22.495,22.968333333333334,15.4,0.0
R8_30,30,30,るもい,小平オビラ,44.0005,141.7578,2026-05-19,2024-05-19,True,2026-07-20,37,2026-07-20,observed,2026-07-29,-9,23.15,21.51,22.226666666666667,16.1,0.4
R8_31,31,31,あさひかわ,永山町ナガヤマチョウ,43.8037,142.4515,2026-05-13,2026-05-13,False,,38,2026-07-24,predicted,2026-07-24,,21.48,22.055,22.215,16.1,0.4
R8_32,32,32,たいせつ,東鷹栖ヒガシタカス,43.8313,142.3968,2026-05-17,2026-05-17,False,,39,2026-07-26,predicted,2026-07-26,,20.86,22.685000000000002,22.685000000000002,15.6,0.0
R8_33,33,33,ふらの,中富良野町ナカフラノチョウ,43.3927,142.3978,2026-05-16,2026-05-16,False,2026-07-13,40,2026-07-13,observed,2026-07-24,-11,23.95,21.590000000000003,22.573333333333338,15.7,-0.0
R8_34,34,34,ふらの,富良野市フラノシ,43.4308,142.4309,2026-05-28,2026-05-28,False,2026-07-13,41,2026-07-13,observed,2026-08-02,-20,23.73,21.375000000000004,22.285000000000004,16.0,0.3
R8_35,35,35,東神楽,東神楽町ヒガシカグラチョウ,43.7031,142.4422,2026-05-13,2026-05-13,False,2026-07-17,42,2026-07-17,observed,2026-07-24,-7,23.839999999999996,20.98,21.926666666666666,16.3,0.9
R8_36,36,36,ひがしかわ,東川町ヒガシカワチョウ,43.6995,142.5335,2026-05-20,2026-05-20,False,2026-07-18,43,2026-07-18,observed,2026-07-29,-11,23.240000000000002,20.500000000000004,21.24666666666667,17.0,3.4
R8_37,37,37,当麻,当麻町トウマチョウ,43.841328,142.505747,2026-05-13,2026-05-13,False,,44,2026-07-24,predicted,2026-07-24,,21.32,21.895000000000003,22.00166666666667,16.3,0.8
R8_38,38,38,ぴっぷ町,比布町ピップチョウ,43.8656,142.4709,2026-05-17,2026-05-17,False,,45,2026-07-27,predicted,2026-07-27,,20.18,22.415000000000003,22.415000000000003,15.9,0.2
R8_39,39,39,びえい,美瑛町ビエイチョウ,43.5898,142.4836,2026-05-25,2026-05-25,False,2026-07-23,46,2026-07-23,observed,2026-07-31,-8,21.23,21.395000000000003,21.47166666666667,16.8,2.3
R8_40,40,40,北ひびきキタ,和寒町ワッサムチョウ,43.997966,142.423697,2026-05-19,2026-05-19,False,2026-07-18,47,2026-07-18,observed,2026-07-28,-10,23.990000000000002,20.71,21.706666666666667,16.6,1.5
