point_id,region,lat,lon,transplant_date,A106_heading_minus5_to_plus4_TMP_mea,A107_heading_plus5_to_plus24_TMP_mea,A108_corrected_TMP_mea,amylose_percent,amylose_over_19_probability_percent,heading_date,panicle_formation_date,mode,correction,GSR_panicle_to_plus20_mean,APCP_panicle_to_plus20_mean,TMP_mea_previous_period_mean,GSR_heading_plus5_to_plus20_mean,protein_mean,protein_stddev
P0001,JA門別,42.47083333,142.20625,2026-05-25,20.380000000000003,20.345,20.345,17.9,12.9,2026-08-06,2026-07-12,1,0.0,12.906190476190478,7.828571428571429,21.400000000000002,15.728125,7.284234939303353,0.54
P0002,JA門別,42.5125,142.11875,2026-05-25,20.050000000000004,20.369999999999997,20.369999999999997,17.8,12.5,2026-08-06,2026-07-12,1,0.0,12.669047619047618,7.228571428571428,21.050000000000004,15.246875,7.403738606830555,0.54
P0003,JAたきかわ,43.57083333,141.96875,2026-05-25,20.520000000000003,22.285,22.285,16.0,0.3,2026-07-28,2026-07-03,1,0.0,17.522380952380953,6.9142857142857155,22.407142857142862,21.5125,5.751899331008049,0.54
P0004,JAたきかわ,43.57916667,141.90625,2026-05-25,20.16,22.13,22.13,16.2,0.5,2026-07-29,2026-07-04,1,0.0,16.75857142857143,7.0428571428571445,22.52857142857142,20.587500000000002,5.998332760519815,0.54
P0005,JAたきかわ,43.57916667,141.99375,2026-05-25,20.67,22.36,22.36,15.9,0.2,2026-07-28,2026-07-03,1,0.0,17.550000000000004,6.766666666666667,22.628571428571426,21.489375000000003,5.755521528315012,0.54
P0006,JAたきかわ,43.59583333,141.89375,2026-05-25,20.27,22.189999999999998,22.189999999999998,16.1,0.4,2026-07-29,2026-07-04,1,0.0,16.781904761904762,7.209523809523811,22.61428571428571,20.574375000000003,5.999972454931399,0.54
P0007,JAたきかわ,43.59583333,141.94375,2026-05-25,20.05,21.965,21.965,16.3,0.8,2026-07-29,2026-07-04,1,0.0,16.707142857142863,6.909523809523811,22.371428571428574,20.539375,6.011789230806421,0.54
P0008,JAたきかわ,43.60416667,141.91875,2026-05-25,20.16,22.11,22.11,16.2,0.6,2026-07-29,2026-07-04,1,0.0,16.760952380952382,7.066666666666667,22.485714285714284,20.552500000000002,6.00595728944484,0.54
P0009,JAたきかわ,43.6125,141.90625,2026-05-25,20.18,22.145,22.145,16.1,0.5,2026-07-29,2026-07-04,1,0.0,16.81904761904762,7.333333333333333,22.607142857142854,20.591250000000002,5.994215468871666,0.54
P0010,JAたきかわ,43.6375,141.93125,2026-05-25,20.18,22.07,22.07,16.2,0.6,2026-07-29,2026-07-04,1,0.0,16.900000000000006,7.347619047619046,22.542857142857144,20.624375,5.982477666649888,0.54
P0011,JAたきかわ,43.6375,141.96875,2026-05-25,20.060000000000002,21.945,21.945,16.3,0.9,2026-07-29,2026-07-04,1,0.0,16.793333333333337,6.866666666666669,22.428571428571427,20.5275,6.009736094607824,0.54
P0012,JAたきかわ,43.64583333,141.94375,2026-05-25,20.160000000000004,22.045,22.045,16.2,0.7,2026-07-29,2026-07-04,1,0.0,16.91857142857143,7.290476190476191,22.528571428571432,20.639375,5.97814531375821,0.54
P0013,JAたきかわ,43.47083333,142.23125,2026-05-25,20.130000000000003,22.28,22.28,16.0,0.3,2026-07-29,2026-07-04,1,0.0,16.805714285714288,6.757142857142857,22.62857142857143,21.166875,5.86741577545688,0.54
P0014,JAたきかわ,43.49583333,142.21875,2026-05-25,19.990000000000002,22.185,22.185,16.1,0.5,2026-07-29,2026-07-04,1,0.0,16.787619047619046,6.985714285714285,22.528571428571432,21.01625,5.901768687425049,0.54
P0015,JAたきかわ,43.47916667,142.25625,2026-05-25,20.580000000000002,22.585,22.585,15.7,-0.0,2026-07-28,2026-07-03,1,0.0,17.16904761904762,6.20952380952381,22.58571428571429,22.079375,5.6455150576701,0.54
P0016,JAたきかわ,43.54583333,142.10625,2026-05-25,20.520000000000003,22.384999999999998,22.384999999999998,15.9,0.2,2026-07-28,2026-07-03,1,0.0,17.305714285714288,6.333333333333335,22.478571428571428,21.28375,5.81435125266006,0.54
P0017,JAたきかわ,43.57083333,142.03125,2026-05-25,21.130000000000003,22.48,22.523333333333333,15.8,0.0,2026-07-27,2026-07-02,1,0.0,17.463809523809523,6.223809523809525,22.5,21.01375,5.865575682819533,0.54
P0018,JAたきかわ,43.5125,142.20625,2026-05-25,20.04,22.215,22.215,16.1,0.4,2026-07-29,2026-07-04,1,0.0,16.729523809523805,7.042857142857143,22.50714285714286,20.850625,5.941618465326559,0.54
P0019,JAたきかわ,43.5375,142.16875,2026-05-25,20.110000000000003,22.215,22.215,16.1,0.4,2026-07-29,2026-07-04,1,0.0,16.89190476190476,6.666666666666667,22.607142857142858,20.737499999999997,5.957855819038229,0.54
P0020,JAたきかわ,43.54583333,142.13125,2026-05-25,20.229999999999997,22.29,22.29,16.0,0.3,2026-07-29,2026-07-04,1,0.0,16.86,6.31904761904762,22.750000000000004,20.574375,5.99572845184622,0.54
P0021,JAたきかわ,43.5875,142.20625,2026-05-25,19.7,21.529999999999998,21.529999999999998,16.7,2.1,2026-07-31,2026-07-06,1,0.0,15.823809523809526,5.704761904761905,22.450000000000006,19.2725,6.340457230942049,0.54
P0022,JAたきかわ,43.6125,142.21875,2026-05-25,19.92,21.645000000000003,21.645000000000003,16.6,1.7,2026-07-31,2026-07-06,1,0.0,15.81142857142857,6.033333333333333,22.599999999999998,19.183124999999997,6.360930247388877,0.54
P0023,JAたきかわ,43.62083333,142.19375,2026-05-25,19.95,21.62,21.62,16.6,1.8,2026-07-31,2026-07-06,1,0.0,15.82761904761905,6.028571428571429,22.685714285714287,19.105625000000003,6.377219785744489,0.54
P0024,JAいしかり,43.17083333,141.48125,2026-05-25,19.89,22.39,22.39,15.9,0.2,2026-07-30,2026-07-05,1,0.0,16.06142857142857,4.904761904761905,22.107142857142858,19.479375,6.281712873855333,0.54
P0025,JAいしかり,43.17916667,141.43125,2026-05-25,20.21,22.45,22.45,15.9,0.1,2026-07-31,2026-07-06,1,0.0,16.594761904761903,4.771428571428571,21.985714285714288,19.134375000000002,6.3291609280296965,0.54
P0026,JAいしかり,43.22916667,141.49375,2026-05-25,19.930000000000003,21.990000000000002,21.990000000000002,16.3,0.8,2026-08-01,2026-07-07,1,0.0,16.02428571428571,5.147619047619047,22.321428571428577,17.61625,6.696489101037756,0.54
P0027,JAいしかり,43.19583333,141.53125,2026-05-25,19.68,22.065,22.065,16.2,0.7,2026-07-31,2026-07-06,1,0.0,15.44047619047619,4.761904761904762,22.235714285714288,18.30875,6.574798780774237,0.54
P0028,JAいしかり,43.2375,141.53125,2026-05-25,19.55,21.92,21.92,16.4,0.9,2026-07-31,2026-07-06,1,0.0,15.24095238095238,5.199999999999999,22.178571428571427,18.143124999999998,6.6223343447507395,0.54
P0029,JAいしかり,43.2875,141.61875,2026-05-25,19.560000000000002,22.105000000000004,22.105000000000004,16.2,0.6,2026-07-30,2026-07-05,1,0.0,15.331428571428573,6.742857142857143,22.457142857142856,19.105625000000003,6.404184732175943,0.54
P0030,JAいわみざわ,43.12083333,141.69375,2026-05-25,19.42,22.015000000000004,22.015000000000004,16.3,0.7,2026-07-30,2026-07-05,1,0.0,15.495714285714287,4.133333333333334,21.985714285714284,19.620625,6.281163415415379,0.54
P0031,JAいわみざわ,43.1375,141.73125,2026-05-25,19.440000000000005,22.125000000000004,22.125000000000004,16.2,0.5,2026-07-30,2026-07-05,1,0.0,15.595714285714289,3.8857142857142852,22.25714285714286,19.615000000000002,6.276975186816777,0.54
P0032,JAいわみざわ,43.14583333,141.65625,2026-05-25,19.4,22.000000000000004,22.000000000000004,16.3,0.8,2026-07-30,2026-07-05,1,0.0,15.602857142857143,4.309523809523809,22.014285714285716,19.499375,6.302202641939551,0.54
P0033,JAいわみざわ,43.15416667,141.68125,2026-05-25,19.79,22.165,22.165,16.1,0.5,2026-07-29,2026-07-04,1,0.0,16.643809523809523,4.685714285714285,22.08571428571429,20.523125,6.018831047739764,0.54
P0034,JAいわみざわ,43.15416667,141.70625,2026-05-25,19.430000000000003,22.085,22.085,16.2,0.6,2026-07-30,2026-07-05,1,0.0,15.671428571428569,4.495238095238095,22.22857142857143,19.733125,6.246691096556971,0.54
P0035,JAいわみざわ,43.12916667,141.75625,2026-05-25,19.300000000000004,22.005000000000003,22.005000000000003,16.3,0.8,2026-07-30,2026-07-05,1,0.0,15.672380952380953,3.8619047619047615,22.171428571428574,19.690625,6.2560548138125585,0.54
P0036,JAいわみざわ,43.15416667,141.85625,2026-05-25,19.410000000000004,21.865000000000002,21.865000000000002,16.4,1.1,2026-07-31,2026-07-06,1,0.0,15.12,6.947619047619048,22.428571428571434,18.765,6.491136844157206,0.54
P0037,JAいわみざわ,43.14583333,141.94375,2026-05-25,19.259999999999998,21.720000000000002,21.720000000000002,16.5,1.4,2026-07-31,2026-07-06,1,0.0,14.807142857142857,7.928571428571429,22.478571428571428,18.568125000000002,6.551754530419838,0.54
P0038,JAいわみざわ,43.1875,141.65625,2026-05-25,19.54,22.119999999999997,22.119999999999997,16.2,0.6,2026-07-30,2026-07-05,1,0.0,15.704285714285716,4.895238095238095,22.314285714285717,19.481250000000003,6.300706036017811,0.54
P0039,JAいわみざわ,43.22083333,141.69375,2026-05-25,19.770000000000003,22.165000000000003,22.165000000000003,16.1,0.5,2026-07-29,2026-07-04,1,0.0,16.71666666666667,5.485714285714286,22.100000000000005,20.56875,6.004763915787418,0.54
P0040,JAいわみざわ,43.2375,141.68125,2026-05-25,19.57,22.105,22.105,16.2,0.6,2026-07-30,2026-07-05,1,0.0,15.649523809523808,5.547619047619048,22.314285714285717,19.59,6.279589478938097,0.54
P0041,JAいわみざわ,43.2625,141.70625,2026-05-25,19.76,22.13,22.13,16.2,0.5,2026-07-29,2026-07-04,1,0.0,16.598095238095237,6.9333333333333345,22.1,20.4625,6.0347462380948995,0.54
P0042,JAいわみざわ,43.27916667,141.74375,2026-05-25,19.470000000000002,22.125000000000004,22.125000000000004,16.2,0.5,2026-07-30,2026-07-05,1,0.0,15.599523809523811,8.014285714285714,22.37857142857143,19.619375,6.275798922368163,0.54
P0043,JAいわみざわ,43.30416667,141.69375,2026-05-25,19.550000000000004,22.07,22.07,16.2,0.6,2026-07-30,2026-07-05,1,0.0,15.445238095238096,6.8047619047619055,22.414285714285715,19.61125,6.28598343323992,0.54
P0044,JAきたそらち,43.6375,141.88125,2026-05-25,20.26,22.085,22.085,16.2,0.6,2026-07-29,2026-07-04,1,0.0,16.963809523809523,7.442857142857142,22.521428571428572,20.607499999999998,5.982748502379998,0.54
P0045,JAきたそらち,43.6625,141.99375,2026-05-25,20.34,22.130000000000003,22.130000000000003,16.2,0.5,2026-07-29,2026-07-04,1,0.0,16.967142857142864,6.780952380952381,22.650000000000002,20.51375,6.003336782504141,0.54
P0046,JAきたそらち,43.70416667,141.86875,2026-05-25,20.279999999999998,21.655,21.655,16.6,1.6,2026-07-31,2026-07-06,1,0.0,16.286190476190477,6.814285714285714,22.771428571428572,19.160625000000003,6.340114476382437,0.54
P0047,JAきたそらち,43.7125,141.83125,2026-05-25,20.200000000000003,21.84,21.84,16.4,1.1,2026-07-30,2026-07-05,1,0.0,16.180476190476192,6.738095238095238,22.907142857142855,19.667500000000004,6.233566040918624,0.54
P0048,JAきたそらち,43.72083333,141.80625,2026-05-25,20.270000000000003,21.160000000000004,21.160000000000004,17.1,3.9,2026-08-01,2026-07-07,1,0.0,16.45047619047619,6.7285714285714295,22.550000000000008,18.19125,6.545942414079011,0.54
P0049,JAきたそらち,43.69583333,141.90625,2026-05-25,20.36,22.05,22.05,16.2,0.7,2026-07-29,2026-07-04,1,0.0,17.222380952380952,7.166666666666667,22.57857142857143,20.668750000000003,5.9551273529670015,0.54
P0050,JAきたそらち,43.69583333,141.99375,2026-05-25,20.4,22.085,22.085,16.2,0.6,2026-07-29,2026-07-04,1,0.0,17.085238095238093,6.94761904761905,22.65,20.519375,5.995672856145347,0.54
P0051,JAきたそらち,43.72916667,141.89375,2026-05-25,20.32,21.905,21.905,16.4,1.0,2026-07-30,2026-07-05,1,0.0,16.534761904761904,7.014285714285713,22.800000000000004,19.915,6.159481472412902,0.54
P0052,JAきたそらち,43.72916667,141.98125,2026-05-25,20.35,21.995,21.995,16.3,0.8,2026-07-29,2026-07-04,1,0.0,17.27,7.0285714285714285,22.614285714285717,20.668125,5.952678009051727,0.54
P0053,JAきたそらち,43.74583333,141.88125,2026-05-25,20.310000000000002,21.86,21.86,16.4,1.1,2026-07-30,2026-07-05,1,0.0,16.493333333333332,7.014285714285715,22.807142857142857,19.830000000000002,6.180563811074999,0.54
P0054,JAきたそらち,43.7625,141.86875,2026-05-25,20.310000000000002,21.82,21.82,16.5,1.2,2026-07-30,2026-07-05,1,0.0,16.415238095238095,6.942857142857143,22.814285714285717,19.785000000000004,6.194777138926882,0.54
P0055,JAきたそらち,43.80416667,141.84375,2026-05-25,20.28,21.71,21.71,16.6,1.5,2026-07-30,2026-07-05,1,0.0,16.278095238095236,7.328571428571429,22.785714285714285,19.715,6.21773786091952,0.54
P0056,JAきたそらち,43.64583333,142.19375,2026-05-25,19.93,21.535000000000004,21.535000000000004,16.7,2.1,2026-07-31,2026-07-06,1,0.0,15.892857142857142,6.4523809523809526,22.585714285714285,19.086875,6.377828375803768,0.54
P0057,JAきたそらち,43.6625,142.18125,2026-05-25,19.96,21.515000000000004,21.515000000000004,16.7,2.1,2026-07-31,2026-07-06,1,0.0,15.949047619047622,6.452380952380953,22.564285714285717,19.064999999999998,6.3796209633672145,0.54
P0058,JAきたそらち,43.67083333,142.01875,2026-05-25,20.660000000000004,22.285000000000004,22.285000000000004,16.0,0.3,2026-07-28,2026-07-03,1,0.0,17.551904761904762,6.814285714285715,22.464285714285715,21.000625,5.863695960038529,0.54
P0059,JAきたそらち,43.67916667,142.04375,2026-05-25,20.450000000000003,22.16,22.16,16.1,0.5,2026-07-29,2026-07-04,1,0.0,16.880000000000003,7.033333333333336,22.764285714285716,20.28125,6.059580646834867,0.54
P0060,JAきたそらち,43.70416667,142.09375,2026-05-25,20.240000000000002,21.925,21.925,16.4,0.9,2026-07-29,2026-07-04,1,0.0,16.969047619047622,7.2285714285714295,22.650000000000002,20.4225,6.023448845455136,0.54
P0061,JAきたそらち,43.72083333,142.06875,2026-05-25,20.240000000000002,21.96,21.96,16.3,0.9,2026-07-29,2026-07-04,1,0.0,17.12095238095238,7.5,22.550000000000004,20.524375,5.99262429832405,0.54
P0062,JAきたそらち,43.72916667,142.00625,2026-05-25,20.33,21.999999999999996,21.999999999999996,16.3,0.8,2026-07-29,2026-07-04,1,0.0,17.13190476190476,7.147619047619047,22.642857142857142,20.535,5.9896752344217274,0.54
P0063,JAきたそらち,43.72916667,142.04375,2026-05-25,20.200000000000003,21.935,21.935,16.3,0.9,2026-07-29,2026-07-04,1,0.0,16.942857142857143,7.590476190476191,22.45714285714286,20.281875,6.056026279068667,0.54
P0064,JAきたそらち,43.72916667,142.11875,2026-05-25,20.190000000000005,21.880000000000003,21.880000000000003,16.4,1.0,2026-07-29,2026-07-04,1,0.0,17.065238095238094,6.971428571428573,22.47142857142857,20.480625,6.0053444313111175,0.54
P0065,JAきたそらち,43.7375,142.08125,2026-05-25,20.18,21.855,21.855,16.4,1.1,2026-07-29,2026-07-04,1,0.0,17.034285714285716,7.857142857142857,22.550000000000004,20.426250000000003,6.019072773131063,0.54
P0066,JAきたそらち,43.72083333,142.16875,2026-05-25,20.23,22.055,22.055,16.2,0.7,2026-07-29,2026-07-04,1,0.0,16.847619047619045,6.557142857142857,22.671428571428574,20.3275,6.051094104976497,0.54
P0067,JAきたそらち,43.72916667,142.14375,2026-05-25,20.12,21.890000000000004,21.890000000000004,16.4,1.0,2026-07-30,2026-07-05,1,0.0,16.166190476190472,6.852380952380953,22.77857142857143,19.73375,6.219665321484314,0.54
P0068,JAきたそらち,43.74583333,142.14375,2026-05-25,20.029999999999998,21.775000000000002,21.775000000000002,16.5,1.3,2026-07-30,2026-07-05,1,0.0,16.12809523809524,6.847619047619048,22.657142857142855,19.685625,6.232397205878328,0.54
P0069,JAきたそらち,43.7875,142.10625,2026-05-25,20.040000000000003,21.389999999999997,21.389999999999997,16.9,2.7,2026-07-31,2026-07-06,1,0.0,16.087142857142858,7.942857142857145,22.6,18.896250000000002,6.409501291640496,0.54
P0070,JAきたそらち,43.80416667,142.03125,2026-05-25,20.04,21.550000000000004,21.550000000000004,16.7,2.0,2026-07-30,2026-07-05,1,0.0,16.203809523809525,7.499999999999998,22.60714285714286,19.660000000000004,6.23395956973437,0.54
P0071,JAきたそらち,43.80416667,142.06875,2026-05-25,20.090000000000003,21.375,21.375,16.9,2.7,2026-07-31,2026-07-06,1,0.0,16.11285714285714,7.814285714285715,22.621428571428574,18.8625,6.415580869565524,0.54
P0072,JAきたそらち,43.82916667,142.10625,2026-05-25,20.150000000000002,20.514999999999997,20.514999999999997,17.7,10.2,2026-08-02,2026-07-08,1,0.0,16.082857142857144,7.419047619047619,22.450000000000006,17.363125000000004,6.74938355053656,0.54
P0073,JAきたそらち,43.90416667,142.10625,2026-05-25,20.18,20.855000000000004,20.855000000000004,17.4,6.2,2026-08-01,2026-07-07,1,0.0,15.96809523809524,7.152380952380954,22.564285714285717,17.894375,6.637926747441709,0.54
P0074,JAきたそらち,44.00416667,142.16875,2026-05-25,20.690000000000005,20.505,20.505,17.7,10.3,2026-08-02,2026-07-08,1,0.0,15.78380952380952,8.266666666666666,22.685714285714287,17.10875,6.821989354485346,0.54
P0075,JAきょうわ,42.9625,140.53125,2026-05-25,21.06,22.775000000000002,22.795,15.5,0.0,2026-07-30,2026-07-05,1,0.0,15.755714285714289,8.338095238095239,22.97142857142857,19.82375,6.222033566215703,0.54
P0076,JAきょうわ,42.97916667,140.61875,2026-05-25,21.43,22.935000000000002,23.078333333333337,15.3,0.0,2026-07-29,2026-07-04,1,0.0,17.037142857142857,7.92857142857143,22.82857142857143,21.034375,5.884193157531067,0.54
P0077,JAきょうわ,42.9875,140.55625,2026-05-25,21.43,22.950000000000003,23.093333333333337,15.2,0.0,2026-07-29,2026-07-04,1,0.0,17.198095238095245,8.252380952380953,22.878571428571433,21.166249999999998,5.846230710604588,0.54
P0078,JAきょうわ,43.02083333,140.58125,2026-05-25,21.45,22.915,23.064999999999998,15.3,0.0,2026-07-29,2026-07-04,1,0.0,17.355238095238093,8.428571428571429,22.87857142857143,21.34625,5.797813649232239,0.54
P0079,JAそらち南,42.90416667,141.91875,2026-05-25,19.700000000000003,20.889999999999997,20.889999999999997,17.3,5.9,2026-08-03,2026-07-09,1,0.0,13.881428571428573,6.990476190476191,22.307142857142857,15.758125000000001,7.224590440362645,0.54
P0080,JAそらち南,42.92916667,141.83125,2026-05-25,19.23,21.45,21.45,16.8,2.4,2026-08-01,2026-07-07,1,0.0,14.767142857142858,5.966666666666667,22.064285714285717,16.704375,6.966824488851797,0.54
P0081,JAそらち南,42.94583333,141.78125,2026-05-25,19.37,21.525,21.525,16.7,2.1,2026-08-01,2026-07-07,1,0.0,14.822380952380954,5.519047619047619,22.057142857142857,16.800625,6.942499355037839,0.54
P0082,JAそらち南,42.94583333,141.86875,2026-05-25,19.34,21.580000000000002,21.580000000000002,16.7,1.9,2026-08-01,2026-07-07,1,0.0,14.867142857142856,6.223809523809523,22.342857142857145,16.80375,6.9393745024642275,0.54
P0083,JAそらち南,42.95416667,141.79375,2026-05-25,19.27,21.630000000000003,21.630000000000003,16.6,1.7,2026-07-31,2026-07-06,1,0.0,14.112857142857147,5.452380952380953,21.957142857142856,17.675,6.787348157020007,0.54
P0084,JAそらち南,42.95416667,141.83125,2026-05-25,19.25,21.655,21.655,16.6,1.6,2026-07-31,2026-07-06,1,0.0,14.195238095238096,5.9523809523809526,22.1,17.745624999999997,6.7672249499565345,0.54
P0085,JAそらち南,42.97083333,141.84375,2026-05-25,19.35,21.76,21.76,16.5,1.3,2026-07-31,2026-07-06,1,0.0,14.285714285714283,6.0,22.321428571428577,17.8675,6.735307862537466,0.54
P0086,JAそらち南,42.97083333,141.85625,2026-05-25,19.28,21.740000000000002,21.740000000000002,16.5,1.4,2026-07-31,2026-07-06,1,0.0,14.283333333333333,6.085714285714287,22.342857142857145,17.845,6.74042191525878,0.54
P0087,JAそらち南,42.97916667,141.78125,2026-05-25,19.259999999999998,21.6,21.6,16.7,1.8,2026-07-31,2026-07-06,1,0.0,14.293333333333335,4.976190476190476,21.885714285714283,17.888125000000002,6.730324539604579,0.54
P0088,JAそらち南,42.97916667,141.80625,2026-05-25,19.37,21.76,21.76,16.5,1.3,2026-07-31,2026-07-06,1,0.0,14.323333333333334,5.295238095238096,22.200000000000006,17.851875,6.736725066297202,0.54
P0089,JAそらち南,42.97916667,141.86875,2026-05-25,19.18,21.675000000000004,21.675000000000004,16.6,1.6,2026-07-31,2026-07-06,1,0.0,14.264761904761903,6.061904761904763,22.271428571428572,17.859375,6.738246514483305,0.54
P0090,JAそらち南,42.9875,141.83125,2026-05-25,19.240000000000002,21.845000000000002,21.845000000000002,16.4,1.1,2026-07-30,2026-07-05,1,0.0,14.800000000000002,5.69047619047619,22.22857142857143,18.713124999999998,6.520019321629914,0.54
P0091,JAそらち南,42.99583333,141.79375,2026-05-25,19.28,21.814999999999998,21.814999999999998,16.5,1.2,2026-07-30,2026-07-05,1,0.0,14.799523809523809,5.014285714285714,22.028571428571432,18.744375,6.513122057498409,0.54
P0092,JAそらち南,42.99583333,141.81875,2026-05-25,19.300000000000004,21.895,21.895,16.4,1.0,2026-07-30,2026-07-05,1,0.0,14.900476190476192,5.4904761904761905,22.221428571428568,18.839375,6.486589554883526,0.54
P0093,JAそらち南,42.92916667,141.89375,2026-05-25,19.29,21.575,21.575,16.7,1.9,2026-08-01,2026-07-07,1,0.0,14.730476190476189,6.314285714285715,22.357142857142858,16.71,6.9675709344605865,0.54
P0094,JAそらち南,42.95416667,141.88125,2026-05-25,19.23,21.515,21.515,16.7,2.1,2026-08-01,2026-07-07,1,0.0,14.853809523809522,6.242857142857143,22.250000000000004,16.81375,6.93788368285311,0.54
P0095,JAそらち南,43.00416667,141.85625,2026-05-25,19.18,21.915,21.915,16.4,1.0,2026-07-30,2026-07-05,1,0.0,14.94095238095238,5.952380952380953,22.371428571428574,18.824375000000003,6.487713027393726,0.54
P0096,JAそらち南,43.0125,141.86875,2026-05-25,19.18,21.950000000000003,21.950000000000003,16.3,0.9,2026-07-30,2026-07-05,1,0.0,14.948095238095242,6.104761904761905,22.400000000000002,18.878125,6.475417051797388,0.54
P0097,JAそらち南,43.02083333,141.80625,2026-05-25,19.390000000000004,21.975,21.975,16.3,0.8,2026-07-30,2026-07-05,1,0.0,14.968095238095238,5.185714285714287,22.335714285714285,18.9,6.469483973419133,0.54
P0098,JAそらち南,43.02083333,141.84375,2026-05-25,19.35,22.060000000000002,22.060000000000002,16.2,0.7,2026-07-30,2026-07-05,1,0.0,14.976666666666668,5.761904761904762,22.464285714285715,18.91875,6.464864282883008,0.54
P0099,JAそらち南,43.02916667,141.78125,2026-05-25,19.330000000000005,21.905,21.905,16.4,1.0,2026-07-30,2026-07-05,1,0.0,14.999047619047618,4.833333333333333,22.13571428571429,18.975625,6.451047894903801,0.54
P0100,JAそらち南,43.02916667,141.79375,2026-05-25,19.300000000000004,21.89,21.89,16.4,1.0,2026-07-30,2026-07-05,1,0.0,15.020476190476193,4.9904761904761905,22.13571428571429,18.985,6.447806439202404,0.54
P0101,JAそらち南,43.0375,141.83125,2026-05-25,19.59,22.105,22.105,16.2,0.6,2026-07-29,2026-07-04,1,0.0,16.083333333333332,5.50952380952381,22.150000000000002,19.89125,6.189275468561968,0.54
P0102,JAそらち南,43.04583333,141.76875,2026-05-25,19.590000000000003,21.995,21.995,16.3,0.8,2026-07-29,2026-07-04,1,0.0,15.985238095238097,4.5809523809523816,21.892857142857146,19.8975,6.193221722046217,0.54
P0103,JAそらち南,43.04583333,141.81875,2026-05-25,19.619999999999997,22.105,22.105,16.2,0.6,2026-07-29,2026-07-04,1,0.0,16.08571428571429,5.300000000000001,22.114285714285717,19.925,6.181669084648979,0.54
P0104,JAそらち南,43.04583333,141.85625,2026-05-25,19.34,21.84,21.84,16.4,1.1,2026-07-31,2026-07-06,1,0.0,14.486190476190476,5.842857142857143,22.492857142857144,18.154375,6.660858750693279,0.54
P0105,JAそらち南,43.05416667,141.84375,2026-05-25,19.29,22.020000000000003,22.020000000000003,16.3,0.7,2026-07-30,2026-07-05,1,0.0,15.085238095238097,5.614285714285714,22.37142857142857,19.038125,6.432517680271349,0.54
P0106,JAそらち南,43.07916667,141.83125,2026-05-25,19.34,22.020000000000003,22.020000000000003,16.3,0.7,2026-07-30,2026-07-05,1,0.0,15.186190476190475,5.390476190476191,22.37857142857143,19.175,6.396708167109678,0.54
P0107,JAそらち南,43.0125,141.88125,2026-05-25,19.250000000000004,21.805,21.805,16.5,1.2,2026-07-31,2026-07-06,1,0.0,14.318571428571428,6.238095238095238,22.500000000000004,18.029375,6.6976603992822525,0.54
P0108,JAそらち南,43.0875,141.80625,2026-05-25,19.240000000000002,21.905,21.905,16.4,1.0,2026-07-30,2026-07-05,1,0.0,15.322380952380952,4.8428571428571425,22.157142857142862,19.317500000000003,6.35773751135032,0.54
P0109,JAそらち南,43.0875,141.81875,2026-05-25,19.57,22.065,22.065,16.2,0.7,2026-07-29,2026-07-04,1,0.0,16.321428571428573,5.147619047619048,22.142857142857146,20.18875,6.110428121030276,0.54
P0110,JAとまこまい広域,42.65416667,141.89375,2026-05-25,19.7,20.645,20.645,17.6,8.5,2026-08-04,2026-07-10,1,0.0,13.034285714285716,8.1,22.185714285714287,15.627500000000001,7.299566257002048,0.54
P0111,JAとまこまい広域,42.69583333,141.84375,2026-05-25,19.42,20.964999999999996,20.964999999999996,17.3,5.3,2026-08-03,2026-07-09,1,0.0,13.20904761904762,8.842857142857142,22.300000000000004,15.324375,7.3572234855268235,0.54
P0112,JAとまこまい広域,42.72916667,141.79375,2026-05-25,19.220000000000002,21.335,21.335,16.9,2.9,2026-08-02,2026-07-08,1,0.0,13.66952380952381,7.652380952380952,22.392857142857146,15.152500000000002,7.37027667625985,0.54
P0113,JAとまこまい広域,42.72916667,141.90625,2026-05-25,18.95,21.1,21.1,17.1,4.3,2026-08-02,2026-07-08,1,0.0,13.845714285714285,8.280952380952382,22.32857142857143,15.3525,7.3163936811763755,0.54
P0114,JAとまこまい広域,42.8125,141.85625,2026-05-25,19.02,21.130000000000003,21.130000000000003,17.1,4.1,2026-08-02,2026-07-08,1,0.0,13.930952380952382,6.4142857142857155,22.192857142857143,15.40625,7.299853702494858,0.54
P0115,JAとまこまい広域,42.75416667,141.93125,2026-05-25,18.970000000000002,21.135,21.135,17.1,4.0,2026-08-02,2026-07-08,1,0.0,13.884761904761902,8.1,22.314285714285717,15.415000000000003,7.300425395235589,0.54
P0116,JAとまこまい広域,42.84583333,141.81875,2026-05-25,19.57,20.980000000000004,20.980000000000004,17.2,5.2,2026-08-03,2026-07-09,1,0.0,13.514761904761905,6.976190476190477,22.178571428571427,15.421875,7.319009562471212,0.54
P0117,JAとまこまい広域,42.90416667,141.88125,2026-05-25,19.23,21.135,21.135,17.1,4.0,2026-08-02,2026-07-08,1,0.0,14.385238095238094,6.347619047619046,22.25,15.754999999999999,7.1979037590696215,0.54
P0118,JAとまこまい広域,42.6875,142.10625,2026-05-25,19.18,21.125,21.125,17.1,4.1,2026-08-02,2026-07-08,1,0.0,13.940952380952384,7.833333333333333,22.585714285714285,15.8825,7.193801575961166,0.54
P0119,JAとまこまい広域,42.7625,142.18125,2026-05-25,18.97,21.355,21.355,16.9,2.8,2026-07-31,2026-07-06,1,0.0,13.73095238095238,8.19047619047619,22.17142857142857,18.520625000000003,6.620762139321664,0.54
P0120,JAとまこまい広域,42.8625,142.16875,2026-05-25,19.12,21.435000000000006,21.435000000000006,16.8,2.5,2026-07-31,2026-07-06,1,0.0,13.782857142857143,8.142857142857142,22.335714285714285,18.36625,6.652141752417616,0.54
P0121,JAとまこまい広域,42.8875,142.54375,2026-05-25,20.18,19.125,19.125,19.0,50.0,2026-08-07,2026-07-13,1,0.0,15.075714285714284,6.409523809523811,21.014285714285712,16.68875,6.953517072151364,0.54
P0122,JAながぬま,42.99583333,141.60625,2026-05-25,19.840000000000003,22.145000000000003,22.145000000000003,16.1,0.5,2026-07-29,2026-07-04,1,0.0,15.575714285714284,4.628571428571429,21.871428571428574,19.453125,6.313923942246991,0.54
P0123,JAながぬま,42.95416667,141.66875,2026-05-25,19.490000000000002,21.855,21.855,16.4,1.1,2026-07-31,2026-07-06,1,0.0,14.150476190476189,4.376190476190477,22.00714285714286,17.738125,6.771319042438019,0.54
P0124,JAながぬま,42.9875,141.63125,2026-05-25,19.43,21.965,21.965,16.3,0.8,2026-07-30,2026-07-05,1,0.0,14.596190476190475,4.366666666666667,21.97142857142857,18.558125,6.565433919867055,0.54
P0125,JAながぬま,42.99583333,141.65625,2026-05-25,19.39,21.97,21.97,16.3,0.8,2026-07-30,2026-07-05,1,0.0,14.703333333333335,3.990476190476191,22.021428571428576,18.658125,6.537457299621616,0.54
P0126,JAながぬま,42.99583333,141.69375,2026-05-25,19.38,21.93,21.93,16.3,0.9,2026-07-30,2026-07-05,1,0.0,14.710952380952381,4.004761904761905,22.05,18.818125,6.501596762480755,0.54
P0127,JAながぬま,43.02083333,141.63125,2026-05-25,19.4,21.975,21.975,16.3,0.8,2026-07-30,2026-07-05,1,0.0,14.904761904761905,4.119047619047619,21.957142857142856,18.80875,6.49314133163031,0.54
P0128,JAながぬま,43.04583333,141.73125,2026-05-25,19.35,21.745,21.745,16.5,1.4,2026-07-31,2026-07-06,1,0.0,14.596666666666668,4.119047619047619,22.021428571428572,18.3075,6.620931642236225,0.54
P0129,JAながぬま,43.05416667,141.69375,2026-05-25,19.28,21.905,21.905,16.4,1.0,2026-07-30,2026-07-05,1,0.0,15.01809523809524,4.033333333333334,21.942857142857143,19.129375000000003,6.415950912580537,0.54
P0130,JAなんぽろ,43.0375,141.59375,2026-05-25,19.630000000000003,22.17,22.17,16.1,0.5,2026-07-30,2026-07-05,1,0.0,15.078571428571427,4.166666666666667,22.10714285714285,18.795,6.486742019526626,0.54
P0131,JAなんぽろ,43.0375,141.64375,2026-05-25,19.560000000000002,21.965,21.965,16.3,0.8,2026-07-31,2026-07-06,1,0.0,14.682380952380951,4.1000000000000005,22.121428571428574,18.213124999999998,6.637181479510839,0.54
P0132,JAなんぽろ,43.0625,141.68125,2026-05-25,19.46,21.865000000000002,21.865000000000002,16.4,1.1,2026-07-31,2026-07-06,1,0.0,14.83333333333333,4.076190476190477,22.057142857142857,18.525624999999998,6.5597467100930205,0.54
P0133,JAなんぽろ,43.07083333,141.63125,2026-05-25,19.480000000000004,21.905,21.905,16.4,1.0,2026-07-31,2026-07-06,1,0.0,15.159047619047618,3.919047619047619,21.914285714285715,18.408125,6.568077126528312,0.54
P0134,JAにいかっぷ,42.50416667,142.34375,2026-05-25,19.61,20.9,20.9,17.3,5.8,2026-08-03,2026-07-09,1,0.0,12.991904761904761,11.447619047619048,22.34285714285715,16.924374999999998,7.014559003755233,0.54
P0135,JAにいかっぷ,42.52083333,142.40625,2026-05-25,20.110000000000003,20.45,20.45,17.8,11.2,2026-08-04,2026-07-10,1,0.0,12.614761904761902,12.447619047619046,22.350000000000005,16.684375,7.088224165377616,0.54
P0136,JAびえい,43.5625,142.58125,2026-05-25,20.6,20.550000000000004,20.550000000000004,17.7,9.7,2026-08-03,2026-07-09,1,0.0,15.367142857142856,6.576190476190476,22.442857142857143,17.375,6.785647492092529,0.54
P0137,JAびえい,43.59583333,142.48125,2026-05-25,20.450000000000003,21.475,21.475,16.8,2.3,2026-08-01,2026-07-07,1,0.0,15.689047619047622,7.604761904761904,22.85714285714286,18.630625,6.489982064840213,0.54
P0138,JAびえい,43.64583333,142.43125,2026-05-25,20.45,21.525,21.525,16.7,2.1,2026-08-01,2026-07-07,1,0.0,15.792857142857141,7.385714285714285,22.957142857142856,18.39,6.5376488410380835,0.54
P0139,JAびえい,43.62083333,142.55625,2026-05-25,20.53,20.48,20.48,17.7,10.7,2026-08-03,2026-07-09,1,0.0,15.82666666666667,6.023809523809525,22.45714285714286,17.423125,6.750013517879093,0.54
P0140,JAひがしかわ,43.65416667,142.58125,2026-05-25,20.619999999999997,20.475,20.475,17.7,10.8,2026-08-03,2026-07-09,1,0.0,15.889523809523812,6.271428571428572,22.564285714285713,17.344375,6.7640439312986,0.54
P0141,JAひがしかわ,43.6625,142.56875,2026-05-25,20.520000000000003,20.970000000000002,20.970000000000002,17.3,5.2,2026-08-02,2026-07-08,1,0.0,16.314285714285717,5.590476190476191,22.83571428571429,17.75125,6.650821383573781,0.54
P0142,JAひがしかわ,43.70416667,142.49375,2026-05-25,20.37,21.915,21.915,16.4,1.0,2026-07-31,2026-07-06,1,0.0,15.43904761904762,4.871428571428572,23.014285714285716,18.83125,6.4591214774081,0.54
P0143,JAひがしかわ,43.7375,142.49375,2026-05-25,20.470000000000002,21.945,21.945,16.3,0.9,2026-07-31,2026-07-06,1,0.0,15.495238095238093,5.542857142857143,23.07857142857143,18.802500000000002,6.462437156255348,0.54
P0144,JAひがしかわ,43.67916667,142.54375,2026-05-25,20.410000000000004,21.435000000000002,21.435000000000002,16.8,2.5,2026-08-01,2026-07-07,1,0.0,15.871904761904762,5.371428571428572,22.871428571428574,18.32625,6.547476291903877,0.54
P0145,JAひがしかわ,43.6875,142.51875,2026-05-25,20.550000000000004,21.53,21.53,16.7,2.1,2026-08-01,2026-07-07,1,0.0,15.673333333333332,5.057142857142857,22.928571428571434,18.2,6.586236940574331,0.54
P0146,JAひがしかわ,43.6875,142.55625,2026-05-25,20.4,21.400000000000002,21.400000000000002,16.8,2.6,2026-08-01,2026-07-07,1,0.0,15.92,5.590476190476191,22.87142857142857,18.325625,6.545001069921011,0.54
P0147,JAひがしかわ,43.6875,142.59375,2026-05-25,20.22,21.305,21.305,16.9,3.1,2026-08-01,2026-07-07,1,0.0,16.03666666666666,5.723809523809523,22.70714285714286,18.40875,6.520245385111232,0.54
P0148,JAひがしかわ,43.69583333,142.53125,2026-05-25,20.550000000000004,21.525,21.525,16.7,2.1,2026-08-01,2026-07-07,1,0.0,15.688095238095238,5.114285714285715,22.928571428571434,18.193125000000002,6.586957811762763,0.54
P0149,JAひがしかわ,43.69583333,142.58125,2026-05-25,20.240000000000002,21.264999999999997,21.264999999999997,17.0,3.3,2026-08-01,2026-07-07,1,0.0,16.01,5.576190476190477,22.7,18.391875,6.525433053683928,0.54
P0150,JAひがしかわ,43.70416667,142.54375,2026-05-25,20.250000000000004,21.765000000000004,21.765000000000004,16.5,1.3,2026-07-31,2026-07-06,1,0.0,15.498095238095237,5.295238095238095,22.94285714285715,18.853125,6.4510663974872555,0.54
P0151,JAひがしかわ,43.70416667,142.56875,2026-05-25,20.500000000000004,21.509999999999998,21.509999999999998,16.7,2.2,2026-08-01,2026-07-07,1,0.0,15.899999999999999,5.557142857142857,22.96428571428572,18.284375,6.555226496462707,0.54
P0152,JAひがしかわ,43.7125,142.51875,2026-05-25,20.380000000000003,21.869999999999997,21.869999999999997,16.4,1.1,2026-07-31,2026-07-06,1,0.0,15.42952380952381,5.019047619047619,23.057142857142857,18.806874999999998,6.465039089675249,0.54
P0153,JAひがしかわ,43.7125,142.55625,2026-05-25,20.279999999999998,21.765000000000004,21.765000000000004,16.5,1.3,2026-07-31,2026-07-06,1,0.0,15.527142857142858,5.471428571428571,22.928571428571434,18.835,6.453503257839585,0.54
P0154,JAひがしかわ,43.72083333,142.50625,2026-05-25,20.470000000000002,21.945,21.945,16.3,0.9,2026-07-31,2026-07-06,1,0.0,15.445714285714283,5.190476190476191,23.13571428571429,18.803124999999998,6.464990012440993,0.54
P0155,JAひがしかわ,43.72083333,142.53125,2026-05-25,20.360000000000007,21.835,21.835,16.4,1.1,2026-07-31,2026-07-06,1,0.0,15.476666666666667,5.214285714285714,23.0,18.823125,6.458877127040054,0.54
P0156,JAぴっぷ町,43.85416667,142.46875,2026-05-25,20.390000000000004,21.690000000000005,21.690000000000005,16.6,1.5,2026-07-31,2026-07-06,1,0.0,15.689523809523807,7.50952380952381,23.00714285714286,19.232499999999998,6.356616468017998,0.54
P0157,JAぴっぷ町,43.87916667,142.48125,2026-05-25,20.360000000000003,21.58,21.58,16.7,1.9,2026-07-31,2026-07-06,1,0.0,15.786666666666669,7.409523809523809,23.00714285714286,19.250625,6.347321919753639,0.54
P0158,JAぴっぷ町,43.8875,142.46875,2026-05-25,20.23,21.494999999999997,21.494999999999997,16.8,2.2,2026-07-31,2026-07-06,1,0.0,15.79809523809524,7.366666666666667,22.821428571428573,19.243125,6.3483624002592,0.54
P0159,JAぴっぷ町,43.89583333,142.49375,2026-05-25,20.26,21.48,21.48,16.8,2.3,2026-07-31,2026-07-06,1,0.0,15.772857142857141,7.371428571428572,22.907142857142855,19.250625,6.348072383713823,0.54
P0160,JAぴっぷ町,43.8875,142.50625,2026-05-25,20.220000000000006,21.494999999999997,21.494999999999997,16.8,2.2,2026-07-31,2026-07-06,1,0.0,15.808095238095238,7.4,22.87857142857143,19.291875,6.337018859009164,0.54
P0161,JAぴっぷ町,43.90416667,142.53125,2026-05-25,20.270000000000003,21.455000000000005,21.455000000000005,16.8,2.4,2026-07-31,2026-07-06,1,0.0,15.897142857142859,7.376190476190475,22.96428571428571,19.346249999999998,6.320133392942924,0.54
P0162,JAびばい,43.32916667,141.73125,2026-05-25,19.51,22.045000000000005,22.045000000000005,16.2,0.7,2026-07-30,2026-07-05,1,0.0,15.297619047619047,7.090476190476191,22.349999999999998,19.540000000000003,6.309790398407557,0.54
P0163,JAびばい,43.27916667,141.80625,2026-05-25,19.78,22.295,22.295,16.0,0.3,2026-07-29,2026-07-04,1,0.0,16.537142857142857,8.123809523809525,22.342857142857138,20.488125,6.032381654143487,0.54
P0164,JAびばい,43.2875,141.85625,2026-05-25,19.73,22.205000000000002,22.205000000000002,16.1,0.4,2026-07-29,2026-07-04,1,0.0,16.22666666666667,6.942857142857143,22.300000000000004,20.3275,6.084839105117202,0.54
P0165,JAびばい,43.34583333,141.79375,2026-05-25,19.750000000000004,22.18,22.18,16.1,0.5,2026-07-29,2026-07-04,1,0.0,15.940952380952384,6.347619047619048,22.33571428571429,20.2,6.1286123658450595,0.54
P0166,JAびらとり,42.55416667,142.09375,2026-05-25,19.720000000000002,20.655,20.655,17.6,8.4,2026-08-04,2026-07-10,1,0.0,12.58238095238095,9.928571428571429,21.771428571428572,15.505,7.351263260567855,0.54
P0167,JAびらとり,42.59583333,142.14375,2026-05-25,19.590000000000003,20.865000000000002,20.865000000000002,17.4,6.1,2026-08-03,2026-07-09,1,0.0,12.994285714285715,9.414285714285715,22.157142857142855,15.9175,7.237493255072197,0.54
P0168,JAびらとり,42.67083333,142.28125,2026-05-25,18.980000000000004,21.215,21.215,17.0,3.6,2026-08-01,2026-07-07,1,0.0,14.354761904761906,8.952380952380953,22.185714285714283,18.423125,6.608462074436587,0.54
P0169,JAびらとり,42.72916667,142.35625,2026-05-25,19.290000000000003,21.57,21.57,16.7,1.9,2026-07-31,2026-07-06,1,0.0,13.945714285714287,8.804761904761905,22.37857142857143,19.5925,6.371627353408367,0.54
P0170,JAピンネ,43.37083333,141.76875,2026-05-25,19.830000000000002,22.18,22.18,16.1,0.5,2026-07-29,2026-07-04,1,0.0,15.951904761904762,6.814285714285715,22.378571428571433,20.13125,6.143248083128444,0.54
P0171,JAピンネ,43.3875,141.79375,2026-05-25,19.85,22.21,22.21,16.1,0.4,2026-07-29,2026-07-04,1,0.0,15.92619047619048,6.842857142857143,22.428571428571434,20.0075,6.1720611418868705,0.54
P0172,JAピンネ,43.40416667,141.80625,2026-05-25,20.22,22.290000000000003,22.290000000000003,16.0,0.3,2026-07-28,2026-07-03,1,0.0,16.549523809523812,7.5476190476190474,22.2,20.721875,5.9799237207368305,0.54
P0173,JAピンネ,43.4125,141.75625,2026-05-25,19.57,21.735,21.735,16.5,1.4,2026-07-31,2026-07-06,1,0.0,14.429047619047621,7.428571428571429,22.414285714285715,18.28375,6.635302310100123,0.54
P0174,JAピンネ,43.4125,141.79375,2026-05-25,19.89,22.185000000000002,22.185000000000002,16.1,0.5,2026-07-29,2026-07-04,1,0.0,15.974761904761904,7.66190476190476,22.50714285714286,19.930625,6.18645250880221,0.54
P0175,JAピンネ,43.42916667,141.81875,2026-05-25,20.35,22.325,22.325,16.0,0.3,2026-07-28,2026-07-03,1,0.0,16.843333333333334,7.666666666666668,22.335714285714285,20.890625,5.92657198515709,0.54
P0176,JAピンネ,43.4375,141.83125,2026-05-25,20.47,22.404999999999998,22.404999999999998,15.9,0.2,2026-07-28,2026-07-03,1,0.0,17.026666666666667,7.738095238095239,22.45,21.03,5.885731714925977,0.54
P0177,JAピンネ,43.47083333,141.85625,2026-05-25,20.550000000000004,22.43,22.43,15.9,0.1,2026-07-28,2026-07-03,1,0.0,17.458095238095233,7.414285714285714,22.535714285714285,21.33,5.795824020575777,0.54
P0178,JAピンネ,43.47083333,141.86875,2026-05-25,20.62,22.495,22.495,15.8,0.1,2026-07-28,2026-07-03,1,0.0,17.48428571428571,7.380952380952382,22.58571428571429,21.393124999999998,5.780415979616008,0.54
P0179,JAピンネ,43.55416667,141.68125,2026-05-25,19.919999999999998,20.73,20.73,17.5,7.5,2026-08-02,2026-07-08,1,0.0,15.923809523809526,8.695238095238096,22.500000000000004,17.2875,6.774780829234294,0.54
P0180,JAピンネ,43.57916667,141.73125,2026-05-25,19.77,21.145,21.145,17.1,4.0,2026-08-01,2026-07-07,1,0.0,16.026666666666667,6.976190476190476,22.464285714285715,18.106875000000002,6.587666378173958,0.54
P0181,JAピンネ,43.50416667,141.85625,2026-05-25,20.64,22.470000000000006,22.470000000000006,15.8,0.1,2026-07-28,2026-07-03,1,0.0,17.564761904761905,7.400000000000001,22.607142857142854,21.361875,5.782965728391962,0.54
P0182,JAピンネ,43.52916667,141.81875,2026-05-25,19.73,21.815000000000005,21.815000000000005,16.5,1.2,2026-07-30,2026-07-05,1,0.0,15.951904761904762,7.347619047619048,22.59285714285715,19.7825,6.220510350070375,0.54
P0183,JAピンネ,43.52916667,141.84375,2026-05-25,20.29,22.215,22.215,16.1,0.4,2026-07-29,2026-07-04,1,0.0,17.00047619047619,7.290476190476191,22.821428571428573,20.62375,5.977155857231838,0.54
P0184,JAピンネ,43.52916667,141.86875,2026-05-25,20.630000000000003,22.415000000000003,22.415000000000003,15.9,0.2,2026-07-28,2026-07-03,1,0.0,17.706666666666667,7.376190476190477,22.485714285714288,21.521875,5.739807576189996,0.54
P0185,JAピンネ,43.5625,141.85625,2026-05-25,20.59,22.349999999999998,22.349999999999998,15.9,0.2,2026-07-28,2026-07-03,1,0.0,17.550952380952385,7.276190476190477,22.564285714285713,21.351875,5.785931597855857,0.54
P0186,JAピンネ,43.5625,141.86875,2026-05-25,20.630000000000003,22.380000000000003,22.380000000000003,15.9,0.2,2026-07-28,2026-07-03,1,0.0,17.589523809523808,7.200000000000001,22.599999999999998,21.419375,5.768881487230809,0.54
P0187,JAピンネ,43.57083333,141.83125,2026-05-25,20.310000000000002,22.155,22.155,16.1,0.5,2026-07-29,2026-07-04,1,0.0,16.843809523809526,7.31904761904762,22.72857142857143,20.4925,6.0147469387060015,0.54
P0188,JAピンネ,43.57916667,141.80625,2026-05-25,19.78,21.800000000000004,21.800000000000004,16.5,1.2,2026-07-30,2026-07-05,1,0.0,15.759523809523806,7.233333333333333,22.578571428571426,19.6075,6.269734685692718,0.54
P0189,JAピンネ,43.52083333,141.89375,2026-05-25,20.610000000000003,22.425000000000004,22.425000000000004,15.9,0.1,2026-07-28,2026-07-03,1,0.0,17.646190476190473,7.566666666666667,22.5,21.465625,5.75555574673263,0.54
P0190,JAピンネ,43.52916667,141.88125,2026-05-25,20.650000000000002,22.445000000000004,22.445000000000004,15.9,0.1,2026-07-28,2026-07-03,1,0.0,17.68761904761905,7.538095238095239,22.57857142857143,21.516875,5.741950401645556,0.54
P0191,JAピンネ,43.5875,141.74375,2026-05-25,19.810000000000002,21.590000000000003,21.590000000000003,16.7,1.9,2026-07-31,2026-07-06,1,0.0,15.62333333333333,6.966666666666667,22.59285714285715,18.839375,6.447306648278014,0.54
P0192,JAピンネ,43.59583333,141.66875,2026-05-25,20.220000000000006,20.245,20.245,17.9,14.7,2026-08-03,2026-07-09,1,0.0,15.210952380952383,7.952380952380953,22.300000000000008,17.1175,6.851182189983454,0.54
P0193,JAピンネ,43.5875,141.75625,2026-05-25,19.82,21.6,21.6,16.7,1.8,2026-07-31,2026-07-06,1,0.0,15.616190476190479,7.033333333333333,22.59285714285715,18.818125,6.4524025559872875,0.54
P0194,JAピンネ,43.5875,141.76875,2026-05-25,19.75,21.745,21.745,16.5,1.4,2026-07-30,2026-07-05,1,0.0,15.733333333333334,7.014285714285715,22.528571428571432,19.605,6.271711830786238,0.54
P0195,JAピンネ,43.5875,141.78125,2026-05-25,19.759999999999998,21.765,21.765,16.5,1.3,2026-07-30,2026-07-05,1,0.0,15.731904761904762,7.0857142857142845,22.550000000000004,19.619374999999998,6.2686048195774315,0.54
P0196,JAピンネ,43.59583333,141.85625,2026-05-25,20.630000000000003,22.335000000000004,22.335000000000004,16.0,0.2,2026-07-28,2026-07-03,1,0.0,17.431904761904764,7.4,22.585714285714285,21.2575,5.813309004195273,0.54
P0197,JAピンネ,43.60416667,141.84375,2026-05-25,20.23,22.06,22.06,16.2,0.7,2026-07-29,2026-07-04,1,0.0,16.83238095238095,7.261904761904764,22.671428571428574,20.483125,6.017444954987952,0.54
P0198,JAピンネ,43.6125,141.86875,2026-05-25,20.66,22.369999999999997,22.369999999999997,15.9,0.2,2026-07-28,2026-07-03,1,0.0,17.521428571428572,7.428571428571429,22.599999999999998,21.354999999999997,5.786843723826688,0.54
P0199,JAピンネ,43.65416667,141.84375,2026-05-25,19.910000000000004,21.71,21.71,16.6,1.5,2026-07-30,2026-07-05,1,0.0,16.02238095238095,7.3619047619047615,22.70714285714286,19.744374999999998,6.2251266295495755,0.54
P0200,JAピンネ,43.5875,141.88125,2026-05-25,20.65,22.369999999999997,22.369999999999997,15.9,0.2,2026-07-28,2026-07-03,1,0.0,17.522380952380953,7.257142857142859,22.614285714285717,21.421875,5.771976443385432,0.54
P0201,JAふらの,43.2625,142.36875,2026-05-25,20.130000000000003,21.805,21.805,16.5,1.2,2026-07-31,2026-07-06,1,0.0,14.874285714285712,6.490476190476191,22.864285714285717,19.509375,6.339580679852465,0.54
P0202,JAふらの,43.2875,142.39375,2026-05-25,19.96,22.270000000000003,22.270000000000003,16.0,0.3,2026-07-30,2026-07-05,1,0.0,15.387142857142857,6.376190476190477,23.114285714285717,20.4925,6.093907947471659,0.54
P0203,JAふらの,43.37083333,142.41875,2026-05-25,20.060000000000006,22.615000000000002,22.615000000000002,15.7,-0.0,2026-07-29,2026-07-04,1,0.0,16.437142857142856,6.323809523809524,23.050000000000004,21.307499999999997,5.856291259877587,0.54
P0204,JAふらの,43.42083333,142.44375,2026-05-25,20.090000000000003,22.475,22.475,15.8,0.1,2026-07-30,2026-07-05,1,0.0,16.03761904761905,5.423809523809524,23.171428571428574,20.943125000000002,5.958726796629226,0.54
P0205,JAふらの,43.42916667,142.46875,2026-05-25,20.040000000000003,22.435000000000006,22.435000000000006,15.9,0.1,2026-07-30,2026-07-05,1,0.0,16.04761904761905,5.185714285714286,23.121428571428574,20.87625,5.972998881515853,0.54
P0206,JAふらの,43.42916667,142.49375,2026-05-25,19.89,22.285000000000004,22.285000000000004,16.0,0.3,2026-07-30,2026-07-05,1,0.0,16.01047619047619,5.1571428571428575,23.042857142857144,20.77625,5.997171425825185,0.54
P0207,JAむかわ,42.57916667,141.99375,2026-05-25,19.490000000000002,20.865,20.865,17.4,6.1,2026-08-03,2026-07-09,1,0.0,12.965238095238098,8.204761904761906,22.064285714285713,15.192499999999999,7.39968871621441,0.54
P0208,JAむかわ,42.59583333,141.94375,2026-05-25,19.78,20.654999999999998,20.654999999999998,17.6,8.4,2026-08-04,2026-07-10,1,0.0,12.89,7.5285714285714285,22.11428571428571,15.514375000000001,7.332469086243329,0.54
P0209,JAむかわ,42.60416667,141.91875,2026-05-25,19.720000000000002,20.639999999999997,20.639999999999997,17.6,8.5,2026-08-04,2026-07-10,1,0.0,12.923333333333332,7.5,22.014285714285716,15.544375,7.324011405000714,0.54
P0210,JAむかわ,42.57916667,142.05625,2026-05-25,19.96,20.235000000000003,20.235000000000003,18.0,14.9,2026-08-05,2026-07-11,1,0.0,12.665238095238099,7.561904761904763,21.657142857142862,15.28125,7.396330174952288,0.54
P0211,JAようてい,42.74583333,140.45625,2026-05-25,19.990000000000002,21.695,21.695,16.6,1.5,2026-08-01,2026-07-07,1,0.0,15.016190476190477,10.709523809523809,22.249999999999996,16.363750000000003,7.028752509471049,0.54
P0212,JAようてい,42.7625,140.49375,2026-05-25,20.01,21.330000000000002,21.330000000000002,16.9,2.9,2026-08-02,2026-07-08,1,0.0,14.685238095238097,10.019047619047619,22.142857142857142,15.94,7.140615574667647,0.54
P0213,JAようてい,42.79583333,140.49375,2026-05-25,20.0,22.005,22.005,16.3,0.8,2026-07-31,2026-07-06,1,0.0,14.374285714285715,10.32857142857143,22.25,17.309375000000003,6.854141861641133,0.54
P0214,JAようてい,42.8125,140.45625,2026-05-25,20.2,22.045,22.045,16.2,0.7,2026-08-01,2026-07-07,1,0.0,15.173333333333336,8.785714285714286,22.22857142857143,16.586875,6.9707815118639465,0.54
P0215,JAようてい,42.7875,140.61875,2026-05-25,20.12,21.994999999999997,21.994999999999997,16.3,0.8,2026-07-31,2026-07-06,1,0.0,14.324761904761905,9.20952380952381,22.49285714285714,17.93,6.71933957659668,0.54
P0216,JAようてい,42.80416667,140.51875,2026-05-25,20.240000000000002,22.15,22.15,16.1,0.5,2026-07-30,2026-07-05,1,0.0,14.476190476190476,10.22857142857143,22.300000000000008,18.6825,6.544401086947973,0.54
P0217,JAようてい,42.8125,140.55625,2026-05-25,20.250000000000004,22.11,22.11,16.2,0.6,2026-07-30,2026-07-05,1,0.0,14.33095238095238,8.819047619047618,22.300000000000008,18.879375,6.508678101709391,0.54
P0218,JAようてい,42.75416667,140.69375,2026-05-25,19.96,21.355,21.355,16.9,2.8,2026-08-02,2026-07-08,1,0.0,14.528571428571427,10.866666666666665,22.435714285714287,16.4475,7.036697629592254,0.54
P0219,JAようてい,42.77083333,140.64375,2026-05-25,20.060000000000002,21.915,21.915,16.4,1.0,2026-07-31,2026-07-06,1,0.0,14.183809523809527,9.166666666666668,22.571428571428573,17.810625,6.753445887804633,0.54
P0220,JAようてい,42.7875,140.71875,2026-05-25,20.029999999999998,21.99,21.99,16.3,0.8,2026-07-30,2026-07-05,1,0.0,14.499047619047618,8.276190476190477,22.464285714285715,19.18125,6.432665590205931,0.54
P0221,JAようてい,42.8375,140.41875,2026-05-25,20.46,22.500000000000004,22.500000000000004,15.8,0.1,2026-07-30,2026-07-05,1,0.0,14.631428571428572,9.038095238095238,22.407142857142862,18.356875,6.608103978627395,0.54
P0222,JAようてい,42.8375,140.48125,2026-05-25,20.339999999999996,21.68,21.68,16.6,1.6,2026-08-02,2026-07-08,1,0.0,14.790000000000001,9.28095238095238,22.185714285714287,15.96,7.130491588789861,0.54
P0223,JAようてい,42.85416667,140.38125,2026-05-25,20.200000000000006,22.28,22.28,16.0,0.3,2026-07-31,2026-07-06,1,0.0,14.959047619047618,7.690476190476191,22.271428571428572,17.736250000000002,6.727793472197789,0.54
P0224,JAようてい,42.8875,140.84375,2026-05-25,19.700000000000003,21.875000000000004,21.875000000000004,16.4,1.0,2026-07-31,2026-07-06,1,0.0,15.525714285714287,7.5,22.485714285714284,18.934375,6.431565299849232,0.54
P0225,JAようてい,42.89583333,140.78125,2026-05-25,20.07,22.07,22.07,16.2,0.6,2026-07-31,2026-07-06,1,0.0,16.06809523809524,7.614285714285715,22.628571428571433,19.348125000000003,6.310427778145248,0.54
P0226,JAようてい,42.89583333,140.81875,2026-05-25,19.990000000000002,22.06,22.06,16.2,0.7,2026-07-31,2026-07-06,1,0.0,15.878095238095238,7.6,22.657142857142865,19.181874999999998,6.35758424361388,0.54
P0227,JAるもい,43.84583333,141.51875,2026-05-25,21.000000000000004,21.94,21.94,16.3,0.9,2026-07-31,2026-07-06,1,0.0,16.78238095238095,6.700000000000001,22.62857142857143,19.48875,6.240456536860459,0.54
P0228,JAるもい,43.85416667,141.61875,2026-05-25,20.790000000000003,21.715,21.715,16.6,1.5,2026-07-31,2026-07-06,1,0.0,16.36904761904762,6.871428571428572,22.70714285714286,19.165625,6.334503989869477,0.54
P0229,JAるもい,43.87083333,141.59375,2026-05-25,21.050000000000004,21.985,22.00166666666667,16.3,0.8,2026-07-31,2026-07-06,1,0.0,16.622380952380954,6.823809523809524,22.814285714285717,19.4825,6.250536196011381,0.54
P0230,JAるもい,43.87083333,141.74375,2026-05-25,20.740000000000002,21.675,21.675,16.6,1.6,2026-07-31,2026-07-06,1,0.0,16.436666666666667,7.771428571428572,23.050000000000004,19.2075,6.321552293724542,0.54
P0231,JAるもい,43.90416667,141.70625,2026-05-25,20.830000000000002,21.73,21.73,16.5,1.4,2026-07-31,2026-07-06,1,0.0,16.39428571428572,7.699999999999999,22.935714285714287,19.289375,6.3057168091786435,0.54
P0232,JAるもい,43.85416667,141.78125,2026-05-25,20.650000000000002,21.6,21.6,16.7,1.8,2026-07-31,2026-07-06,1,0.0,16.304285714285715,8.057142857142857,22.95714285714286,19.093125,6.3540850969639715,0.54
P0233,JAるもい,43.8875,141.79375,2026-05-25,20.740000000000002,21.14,21.14,17.1,4.0,2026-08-01,2026-07-07,1,0.0,16.544761904761902,8.11904761904762,22.707142857142856,18.7,6.428109801694376,0.54
P0234,JAるもい,43.99583333,141.73125,2026-05-25,20.840000000000003,21.725,21.725,16.5,1.4,2026-07-31,2026-07-06,1,0.0,16.536190476190477,8.138095238095238,22.72857142857143,19.696875,6.207727370759826,0.54
P0235,JAるもい,44.0125,141.68125,2026-05-25,21.000000000000004,21.880000000000003,21.880000000000003,16.4,1.0,2026-07-31,2026-07-06,1,0.0,16.705714285714286,8.104761904761904,22.735714285714288,19.880625000000002,6.157806702566178,0.54
P0236,JAるもい,44.0625,141.70625,2026-05-25,20.85,21.750000000000004,21.750000000000004,16.5,1.4,2026-07-31,2026-07-06,1,0.0,16.538095238095238,8.204761904761906,22.678571428571434,19.716875,6.203193047482033,0.54
P0237,JAるもい,44.0125,141.78125,2026-05-25,20.800000000000004,21.300000000000004,21.300000000000004,16.9,3.1,2026-08-01,2026-07-07,1,0.0,16.574761904761903,8.442857142857143,22.442857142857143,19.074374999999996,6.343540239890855,0.54
P0238,JAるもい,44.02916667,141.81875,2026-05-25,20.950000000000003,21.42,21.42,16.8,2.5,2026-08-01,2026-07-07,1,0.0,16.451428571428572,9.01904761904762,22.60714285714286,19.065624999999997,6.3521811392130765,0.54
P0239,JAるもい,44.05416667,141.89375,2026-05-25,21.190000000000005,20.044999999999998,20.108333333333334,18.1,17.6,2026-08-04,2026-07-10,1,0.0,15.434285714285714,9.452380952380953,21.97142857142857,17.409374999999997,6.774383228142971,0.54
P0240,JAるもい,44.14583333,141.70625,2026-05-25,21.01,21.435,21.438333333333333,16.8,2.4,2026-08-01,2026-07-07,1,0.0,16.806666666666665,8.842857142857145,22.578571428571426,19.12,6.320829833362591,0.54
P0241,JAるもい,44.1875,141.76875,2026-05-25,21.09,21.410000000000004,21.440000000000005,16.8,2.4,2026-08-01,2026-07-07,1,0.0,16.634285714285713,9.595238095238095,22.678571428571427,19.06125,6.343213201165403,0.54
P0242,JAるもい,44.22083333,141.80625,2026-05-25,21.139999999999997,21.345000000000006,21.391666666666673,16.9,2.6,2026-08-01,2026-07-07,1,0.0,16.435714285714287,9.761904761904763,22.800000000000004,19.031875,6.3605121090186545,0.54
P0243,JAるもい,44.25416667,141.71875,2026-05-25,21.07,22.07,22.093333333333334,16.2,0.6,2026-07-30,2026-07-05,1,0.0,16.094285714285714,10.290476190476191,22.814285714285713,20.06375,6.15046452806832,0.54
P0244,JAるもい,44.27083333,141.68125,2026-05-25,21.130000000000003,22.1,22.143333333333334,16.1,0.5,2026-07-30,2026-07-05,1,0.0,16.10809523809524,9.876190476190477,22.735714285714288,20.01625,6.160237240250765,0.54
P0245,JAるもい,44.27916667,141.70625,2026-05-25,21.240000000000002,22.14,22.220000000000002,16.1,0.4,2026-07-30,2026-07-05,1,0.0,16.034761904761904,10.100000000000001,22.864285714285717,19.925,6.1844380378813835,0.54
P0246,JAるもい,44.2625,141.76875,2026-05-25,21.040000000000003,21.640000000000004,21.65333333333334,16.6,1.6,2026-07-31,2026-07-06,1,0.0,16.35333333333333,10.290476190476191,22.800000000000004,19.455624999999998,6.271111206492406,0.54
P0247,JAるもい,44.30416667,141.81875,2026-05-25,20.93,21.495000000000005,21.495000000000005,16.8,2.2,2026-07-31,2026-07-06,1,0.0,16.25809523809524,9.44761904761905,22.70714285714286,19.594375,6.245548068646924,0.54
P0248,JAるもい,44.3125,141.78125,2026-05-25,21.080000000000002,21.980000000000004,22.00666666666667,16.3,0.8,2026-07-30,2026-07-05,1,0.0,15.86428571428571,9.714285714285714,22.83571428571429,19.963125,6.185256152596622,0.54
P0249,JAるもい,44.3375,141.74375,2026-05-25,21.300000000000004,22.174999999999997,22.275,16.0,0.3,2026-07-29,2026-07-04,1,0.0,16.200476190476188,9.480952380952381,22.42142857142857,20.345625,6.0822469763593165,0.54
P0250,JAるもい,44.35416667,141.73125,2026-05-25,21.28,22.175000000000004,22.268333333333338,16.0,0.3,2026-07-30,2026-07-05,1,0.0,15.880476190476191,9.30952380952381,22.857142857142858,19.677500000000002,6.247653817998229,0.54
P0251,JAるもい,44.37083333,141.83125,2026-05-25,20.860000000000003,21.705000000000002,21.705000000000002,16.6,1.5,2026-07-30,2026-07-05,1,0.0,15.827142857142857,8.661904761904761,22.821428571428577,20.090000000000003,6.159166684540506,0.54
P0252,JAるもい,44.37916667,141.78125,2026-05-25,21.02,21.82,21.826666666666668,16.4,1.2,2026-07-30,2026-07-05,1,0.0,15.871428571428572,8.961904761904762,22.74285714285714,19.9725,6.182791038923005,0.54
P0253,JAるもい,44.39583333,141.75625,2026-05-25,21.09,21.95,21.98,16.3,0.8,2026-07-30,2026-07-05,1,0.0,16.013809523809524,8.890476190476189,22.764285714285712,19.958750000000002,6.1780996792804315,0.54
P0254,JA月形町,43.32083333,141.63125,2026-05-25,19.559999999999995,21.890000000000004,21.890000000000004,16.4,1.0,2026-07-31,2026-07-06,1,0.0,14.769523809523813,7.0285714285714285,22.371428571428574,18.363125000000004,6.59921471058573,0.54
P0255,JA月形町,43.35416667,141.70625,2026-05-25,19.45,21.925000000000004,21.925000000000004,16.4,0.9,2026-07-30,2026-07-05,1,0.0,15.157142857142858,7.114285714285715,22.271428571428572,19.40875,6.346501625583574,0.54
P0256,JA今金町,42.37916667,139.98125,2026-05-25,20.699999999999996,21.365000000000002,21.365000000000002,16.9,2.8,2026-08-03,2026-07-09,1,0.0,12.917619047619047,10.295238095238094,22.192857142857147,15.558125,7.321275759244223,0.54
P0257,JA今金町,42.42916667,139.96875,2026-05-25,20.71,21.805,21.805,16.5,1.2,2026-08-02,2026-07-08,1,0.0,13.642380952380952,9.785714285714286,22.535714285714285,15.848125000000001,7.217642580760712,0.54
P0258,JA今金町,42.37916667,140.04375,2026-05-25,20.55,21.205000000000002,21.205000000000002,17.0,3.6,2026-08-03,2026-07-09,1,0.0,12.766190476190477,10.719047619047618,22.142857142857142,15.665,7.305827838417745,0.54
P0259,JA今金町,42.4125,140.04375,2026-05-25,20.34,21.865,21.865,16.4,1.1,2026-08-01,2026-07-07,1,0.0,13.415238095238097,10.633333333333335,22.192857142857147,16.442500000000003,7.098308254375527,0.54
P0260,JA上川中央,43.89583333,142.61875,2026-05-25,20.310000000000002,20.885000000000005,20.885000000000005,17.3,6.0,2026-08-01,2026-07-07,1,0.0,16.293333333333333,6.71904761904762,22.74285714285715,18.755000000000003,6.429588691112837,0.54
P0261,JA上川中央,43.90416667,142.56875,2026-05-25,20.220000000000002,21.384999999999998,21.384999999999998,16.9,2.7,2026-07-31,2026-07-06,1,0.0,15.933333333333337,7.019047619047619,22.928571428571423,19.374375,6.3119358318267,0.54
P0262,JA新しのつ,43.2125,141.59375,2026-05-25,19.620000000000005,22.210000000000004,22.210000000000004,16.1,0.4,2026-07-30,2026-07-05,1,0.0,15.647619047619045,4.876190476190477,22.47142857142858,19.096249999999998,6.38907863795421,0.54
P0263,JA新しのつ,43.2125,141.63125,2026-05-25,19.630000000000003,22.195000000000004,22.195000000000004,16.1,0.4,2026-07-30,2026-07-05,1,0.0,15.719047619047618,4.871428571428572,22.514285714285712,19.34375,6.330365641598471,0.54
P0264,JA新すながわ,43.4125,141.85625,2026-05-25,20.3,22.305000000000003,22.305000000000003,16.0,0.3,2026-07-28,2026-07-03,1,0.0,16.78666666666667,6.819047619047619,22.314285714285717,20.981875,5.90943589997924,0.54
P0265,JA新すながわ,43.39583333,141.89375,2026-05-25,20.26,22.259999999999998,22.259999999999998,16.0,0.3,2026-07-28,2026-07-03,1,0.0,16.678095238095242,6.223809523809523,22.22857142857143,20.939375,5.924751572781118,0.54
P0266,JA新すながわ,43.40416667,141.90625,2026-05-25,19.730000000000004,21.95,21.95,16.3,0.9,2026-07-29,2026-07-04,1,0.0,16.218571428571426,6.414285714285714,22.35,20.165625,6.121140908857602,0.54
P0267,JA新すながわ,43.4125,141.88125,2026-05-25,20.35,22.33,22.33,16.0,0.3,2026-07-28,2026-07-03,1,0.0,16.784285714285716,6.780952380952381,22.328571428571426,20.974375,5.911226844444988,0.54
P0268,JA新すながわ,43.4125,141.89375,2026-05-25,20.330000000000002,22.290000000000006,22.290000000000006,16.0,0.3,2026-07-28,2026-07-03,1,0.0,16.813333333333336,6.652380952380954,22.36428571428571,21.003125,5.903278991498671,0.54
P0269,JA新すながわ,43.42083333,141.86875,2026-05-25,20.369999999999997,22.385000000000005,22.385000000000005,15.9,0.2,2026-07-28,2026-07-03,1,0.0,16.880000000000003,7.0,22.342857142857145,21.048750000000002,5.889548274425028,0.54
P0270,JA新すながわ,43.42916667,141.88125,2026-05-25,20.42,22.384999999999998,22.384999999999998,15.9,0.2,2026-07-28,2026-07-03,1,0.0,16.94857142857143,7.004761904761907,22.428571428571427,21.028750000000002,5.890252643699121,0.54
P0271,JA新すながわ,43.4375,141.89375,2026-05-25,20.470000000000002,22.395000000000003,22.395000000000003,15.9,0.2,2026-07-28,2026-07-03,1,0.0,17.08238095238095,7.03809523809524,22.47142857142857,21.109375,5.8651191998319385,0.54
P0272,JA新すながわ,43.4375,141.91875,2026-05-25,20.440000000000005,22.294999999999998,22.294999999999998,16.0,0.3,2026-07-28,2026-07-03,1,0.0,17.05238095238095,6.842857142857143,22.428571428571427,21.07875,5.8735341974453865,0.54
P0273,JA新すながわ,43.44583333,141.90625,2026-05-25,20.62,22.490000000000002,22.490000000000002,15.8,0.1,2026-07-28,2026-07-03,1,0.0,17.105238095238093,7.014285714285715,22.599999999999998,21.06875,5.872877137446324,0.54
P0274,JA新すながわ,43.45416667,141.91875,2026-05-25,20.55,22.419999999999998,22.419999999999998,15.9,0.1,2026-07-28,2026-07-03,1,0.0,17.140000000000004,6.971428571428573,22.49285714285714,21.081875000000004,5.868080318788444,0.54
P0275,JA新すながわ,43.4625,141.91875,2026-05-25,20.520000000000003,22.380000000000003,22.380000000000003,15.9,0.2,2026-07-28,2026-07-03,1,0.0,17.218095238095238,7.0,22.47142857142857,21.139375,5.851097734056924,0.54
P0276,JA新すながわ,43.4875,141.95625,2026-05-25,20.520000000000003,22.32,22.32,16.0,0.3,2026-07-28,2026-07-03,1,0.0,17.324761904761907,6.838095238095238,22.464285714285715,21.261875,5.818162329495726,0.54
P0277,JA新すながわ,43.5125,141.93125,2026-05-25,20.26,22.229999999999997,22.229999999999997,16.1,0.4,2026-07-29,2026-07-04,1,0.0,16.74095238095238,7.447619047619048,22.685714285714287,20.511875,6.016044253142556,0.54
P0278,JA新すながわ,43.5125,141.95625,2026-05-25,20.18,22.135000000000005,22.135000000000005,16.2,0.5,2026-07-29,2026-07-04,1,0.0,16.702380952380956,7.166666666666668,22.692857142857147,20.5075,6.0191096165254265,0.54
P0279,JA新すながわ,43.5375,141.91875,2026-05-25,20.26,22.235,22.235,16.1,0.4,2026-07-29,2026-07-04,1,0.0,16.796666666666663,7.4142857142857155,22.678571428571434,20.584375,5.996954829332318,0.54
P0280,JA新はこだて,41.5125,140.24375,2026-05-25,21.65,22.815000000000005,23.03166666666667,15.3,0.0,2026-07-29,2026-07-04,1,0.0,14.171904761904763,15.576190476190478,22.692857142857147,17.029375,6.9271713944718885,0.54
P0281,JA新はこだて,41.87083333,140.66875,2026-05-25,20.51,22.169999999999998,22.169999999999998,16.1,0.5,2026-07-30,2026-07-05,1,0.0,14.338095238095239,9.852380952380955,22.33571428571429,18.771250000000002,6.532244002704379,0.54
P0282,JA新はこだて,41.92083333,140.16875,2026-05-25,21.770000000000003,23.020000000000003,23.27666666666667,15.1,0.0,2026-07-29,2026-07-04,1,0.0,16.13047619047619,9.976190476190478,22.70714285714286,19.97875,6.16732874171283,0.54
P0283,JA新はこだて,41.95416667,140.26875,2026-05-25,20.810000000000002,22.43,22.43,15.9,0.1,2026-07-30,2026-07-05,1,0.0,13.807142857142859,10.680952380952382,22.742857142857144,18.10125,6.709530216818744,0.54
P0284,JA新はこだて,42.30416667,139.96875,2026-05-25,20.55,21.36,21.36,16.9,2.8,2026-08-02,2026-07-08,1,0.0,13.838095238095239,13.22857142857143,22.271428571428572,15.754375,7.2277761215774605,0.54
P0285,JA新はこだて,42.3625,139.90625,2026-05-25,20.54,22.080000000000002,22.080000000000002,16.2,0.6,2026-08-01,2026-07-07,1,0.0,14.368095238095236,9.466666666666667,22.271428571428576,16.625625,7.005956627836094,0.54
P0286,JA新はこだて,42.4125,139.90625,2026-05-25,20.37,22.255000000000003,22.255000000000003,16.0,0.4,2026-07-31,2026-07-06,1,0.0,14.286190476190479,9.095238095238095,22.042857142857148,17.653125,6.782774739955682,0.54
P0287,JA新はこだて,42.10416667,140.44375,2026-05-25,20.490000000000002,20.18,20.18,18.0,16.1,2026-08-07,2026-07-13,1,0.0,12.954285714285716,7.514285714285713,21.5,15.25375,7.386714553058807,0.54
P0288,JA東神楽,43.67916667,142.45625,2026-05-25,19.880000000000003,22.115000000000002,22.115000000000002,16.2,0.6,2026-07-30,2026-07-05,1,0.0,15.716666666666667,7.676190476190475,23.092857142857138,19.75375,6.239663406284272,0.54
P0289,JA東神楽,43.67916667,142.48125,2026-05-25,20.520000000000003,21.59,21.59,16.7,1.9,2026-08-01,2026-07-07,1,0.0,15.6952380952381,6.2666666666666675,22.992857142857144,18.24375,6.575354150386336,0.54
P0290,JA東神楽,43.69583333,142.43125,2026-05-25,20.03,22.21,22.21,16.1,0.4,2026-07-30,2026-07-05,1,0.0,15.699523809523809,7.519047619047619,23.22857142857143,19.69,6.254718226803765,0.54
P0291,JA東神楽,43.69583333,142.45625,2026-05-25,19.940000000000005,22.130000000000003,22.130000000000003,16.2,0.5,2026-07-30,2026-07-05,1,0.0,15.664285714285715,7.457142857142858,23.15,19.670625,6.260925551969055,0.54
P0292,JA東神楽,43.69583333,142.48125,2026-05-25,20.380000000000003,21.935000000000002,21.935000000000002,16.3,0.9,2026-07-31,2026-07-06,1,0.0,15.458095238095236,5.457142857142858,23.042857142857144,18.8625,6.451163212505302,0.54
P0293,JA東神楽,43.70416667,142.44375,2026-05-25,20.03,22.190000000000005,22.190000000000005,16.1,0.4,2026-07-30,2026-07-05,1,0.0,15.693333333333333,7.371428571428572,23.228571428571424,19.68625,6.2558854187463595,0.54
P0294,JA東神楽,43.7125,142.40625,2026-05-25,20.07,22.150000000000002,22.150000000000002,16.1,0.5,2026-07-30,2026-07-05,1,0.0,15.64142857142857,7.323809523809525,23.107142857142858,19.685000000000002,6.258983053801913,0.54
P0295,JA東神楽,43.67916667,142.50625,2026-05-25,20.520000000000003,21.535,21.535,16.7,2.1,2026-08-01,2026-07-07,1,0.0,15.68857142857143,5.0285714285714285,22.93571428571429,18.231875000000002,6.57834723736829,0.54
P0296,JA当麻,43.82083333,142.50625,2026-05-25,20.25,22.095,22.095,16.2,0.6,2026-07-30,2026-07-05,1,0.0,15.658571428571427,7.347619047619048,23.29285714285714,19.910625000000003,6.208066356691094,0.54
P0297,JA当麻,43.82916667,142.56875,2026-05-25,20.04,22.080000000000002,22.080000000000002,16.2,0.6,2026-07-29,2026-07-04,1,0.0,16.610952380952384,6.985714285714287,23.071428571428577,20.498125,6.026155148162929,0.54
P0298,JA当麻,43.8375,142.48125,2026-05-25,20.189999999999998,21.955000000000002,21.955000000000002,16.3,0.9,2026-07-30,2026-07-05,1,0.0,15.610952380952384,7.542857142857143,23.13571428571429,19.92,6.208577220790622,0.54
P0299,JA当麻,43.84583333,142.53125,2026-05-25,20.110000000000003,21.865000000000002,21.865000000000002,16.4,1.1,2026-07-30,2026-07-05,1,0.0,15.789047619047619,7.419047619047619,23.09285714285715,20.014375,6.177990934069728,0.54
P0300,JA当麻,43.85416667,142.50625,2026-05-25,20.08,21.830000000000005,21.830000000000005,16.4,1.2,2026-07-30,2026-07-05,1,0.0,15.773809523809522,7.509523809523809,23.042857142857148,20.025,6.1764651638849974,0.54
P0301,JA当麻,43.87083333,142.53125,2026-05-25,20.35,21.580000000000002,21.580000000000002,16.7,1.9,2026-07-31,2026-07-06,1,0.0,15.884285714285717,7.4523809523809526,23.064285714285717,19.365000000000002,6.316678215448465,0.54
P0302,JA道央,42.90416667,141.80625,2026-05-25,19.3,21.295000000000005,21.295000000000005,16.9,3.1,2026-08-02,2026-07-08,1,0.0,14.352380952380955,6.295238095238096,22.171428571428574,15.676874999999999,7.216997201231253,0.54
P0303,JA道央,42.94583333,141.61875,2026-05-25,19.560000000000002,21.955000000000002,21.955000000000002,16.3,0.9,2026-07-30,2026-07-05,1,0.0,14.216190476190476,5.147619047619048,21.964285714285715,18.45375,6.609207912750908,0.54
P0304,JA道央,43.09583333,141.59375,2026-05-25,19.550000000000004,22.0,22.0,16.3,0.8,2026-07-31,2026-07-06,1,0.0,15.36190476190476,3.6761904761904765,21.992857142857144,18.358125,6.568130097252435,0.54
P0305,JA道央,43.14583333,141.54375,2026-05-25,19.720000000000002,22.285,22.285,16.0,0.3,2026-07-30,2026-07-05,1,0.0,15.673809523809522,4.166666666666667,22.23571428571429,19.1625,6.372978282774532,0.54
P0306,JA北いぶき,43.67083333,141.91875,2026-05-25,20.259999999999998,22.075000000000003,22.075000000000003,16.2,0.6,2026-07-29,2026-07-04,1,0.0,17.13714285714286,7.271428571428572,22.535714285714285,20.696875,5.953528699086883,0.54
P0307,JA北いぶき,43.67916667,141.95625,2026-05-25,20.31,22.06,22.06,16.2,0.7,2026-07-29,2026-07-04,1,0.0,17.147142857142853,7.038095238095237,22.592857142857145,20.705625,5.9510467798516915,0.54
P0308,JA北いぶき,43.67916667,141.96875,2026-05-25,20.3,22.065,22.065,16.2,0.7,2026-07-29,2026-07-04,1,0.0,17.157142857142862,6.9714285714285715,22.58571428571429,20.7075,5.9500879519003025,0.54
P0309,JA北いぶき,43.69583333,141.93125,2026-05-25,20.31,22.035000000000004,22.035000000000004,16.2,0.7,2026-07-29,2026-07-04,1,0.0,17.23857142857143,7.0857142857142845,22.521428571428576,20.695,5.948432059221614,0.54
P0310,JA北いぶき,43.69583333,141.94375,2026-05-25,20.35,22.060000000000002,22.060000000000002,16.2,0.7,2026-07-29,2026-07-04,1,0.0,17.21952380952381,7.095238095238095,22.6,20.679375,5.952928753024864,0.54
P0311,JA北いぶき,43.69583333,141.98125,2026-05-25,20.35,22.065,22.065,16.2,0.7,2026-07-29,2026-07-04,1,0.0,17.1452380952381,6.919047619047619,22.607142857142858,20.605,5.973442810003157,0.54
P0312,JA北いぶき,43.7125,141.91875,2026-05-25,20.34,22.020000000000003,22.020000000000003,16.3,0.7,2026-07-29,2026-07-04,1,0.0,17.284761904761904,6.942857142857142,22.542857142857144,20.707500000000003,5.9431526297854935,0.54
P0313,JA北いぶき,43.7125,141.95625,2026-05-25,20.360000000000003,22.05,22.05,16.2,0.7,2026-07-29,2026-07-04,1,0.0,17.274285714285714,6.895238095238096,22.592857142857145,20.7075,5.943721947272531,0.54
P0314,JA北いぶき,43.72083333,141.96875,2026-05-25,20.330000000000002,21.97,21.97,16.3,0.8,2026-07-29,2026-07-04,1,0.0,17.300476190476193,7.038095238095237,22.514285714285716,20.698125,5.94437559621467,0.54
P0315,JA北いぶき,43.72916667,141.93125,2026-05-25,20.240000000000002,21.884999999999998,21.884999999999998,16.4,1.0,2026-07-30,2026-07-05,1,0.0,16.523809523809526,6.919047619047619,22.77857142857143,19.8925,6.165061330350881,0.54
P0316,JA北いぶき,43.7375,141.91875,2026-05-25,20.330000000000002,21.915000000000003,21.915000000000003,16.4,1.0,2026-07-30,2026-07-05,1,0.0,16.55761904761905,6.9,22.814285714285713,19.915625,6.158100862324477,0.54
P0317,JA北いぶき,43.7375,141.94375,2026-05-25,20.380000000000003,21.975,21.975,16.3,0.8,2026-07-29,2026-07-04,1,0.0,17.3452380952381,6.776190476190478,22.535714285714285,20.653750000000002,5.951773919783687,0.54
P0318,JA北いぶき,43.75416667,141.95625,2026-05-25,20.35,21.95,21.95,16.3,0.9,2026-07-29,2026-07-04,1,0.0,17.228095238095236,6.714285714285714,22.514285714285712,20.565,5.977801648256896,0.54
P0319,JA北いぶき,43.75416667,141.98125,2026-05-25,20.37,21.965,21.965,16.3,0.8,2026-07-29,2026-07-04,1,0.0,17.229047619047623,6.919047619047619,22.60714285714286,20.605625000000003,5.968749807262883,0.54
P0320,JA北いぶき,43.75416667,141.99375,2026-05-25,20.300000000000004,21.915,21.915,16.4,1.0,2026-07-29,2026-07-04,1,0.0,17.187142857142856,7.057142857142858,22.52142857142857,20.6,5.972273242806866,0.54
P0321,JA北いぶき,43.7625,141.96875,2026-05-25,20.300000000000004,21.91,21.91,16.4,1.0,2026-07-29,2026-07-04,1,0.0,17.143809523809523,6.661904761904762,22.50714285714286,20.513125000000002,5.993874482271281,0.54
P0322,JA北いぶき,43.77083333,141.90625,2026-05-25,20.39,21.885,21.885,16.4,1.0,2026-07-30,2026-07-05,1,0.0,16.548571428571428,7.142857142857143,22.828571428571422,19.904375,6.161084876800411,0.54
P0323,JA北いぶき,43.77916667,141.88125,2026-05-25,20.21,21.740000000000002,21.740000000000002,16.5,1.4,2026-07-30,2026-07-05,1,0.0,16.450000000000006,7.057142857142858,22.70714285714286,19.8375,6.181257161098141,0.54
P0324,JA北いぶき,43.77916667,141.89375,2026-05-25,20.300000000000004,21.825,21.825,16.4,1.2,2026-07-30,2026-07-05,1,0.0,16.50047619047619,7.21904761904762,22.799999999999994,19.872500000000002,6.170760166670338,0.54
P0325,JA北いぶき,43.77916667,141.93125,2026-05-25,20.300000000000004,21.855000000000004,21.855000000000004,16.4,1.1,2026-07-30,2026-07-05,1,0.0,16.43952380952381,6.976190476190476,22.821428571428566,19.823124999999997,6.185011123996762,0.54
P0326,JA北いぶき,43.77916667,141.94375,2026-05-25,20.300000000000004,21.895000000000003,21.895000000000003,16.4,1.0,2026-07-29,2026-07-04,1,0.0,17.09285714285714,6.676190476190476,22.52857142857143,20.424375,6.016305159349122,0.54
P0327,JA北いぶき,43.77916667,141.98125,2026-05-25,20.05,21.575000000000003,21.575000000000003,16.7,1.9,2026-07-30,2026-07-05,1,0.0,16.282857142857143,6.8619047619047615,22.57857142857143,19.704375,6.2198329485912875,0.54
P0328,JA北いぶき,43.7875,141.91875,2026-05-25,20.340000000000003,21.840000000000003,21.840000000000003,16.4,1.1,2026-07-30,2026-07-05,1,0.0,16.500476190476192,7.404761904761905,22.807142857142853,19.887500000000003,6.167437058414771,0.54
P0329,JA北いぶき,43.7875,141.96875,2026-05-25,20.190000000000005,21.720000000000002,21.720000000000002,16.5,1.4,2026-07-30,2026-07-05,1,0.0,16.275714285714287,6.633333333333334,22.678571428571423,19.653125000000003,6.231575072811695,0.54
P0330,JA北いぶき,43.80416667,141.95625,2026-05-25,20.200000000000006,21.705000000000002,21.705000000000002,16.6,1.5,2026-07-30,2026-07-05,1,0.0,16.304761904761904,6.938095238095237,22.721428571428568,19.695625,6.220581037297777,0.54
P0331,JA北いぶき,43.80416667,141.98125,2026-05-25,20.119999999999997,21.59,21.59,16.7,1.9,2026-07-30,2026-07-05,1,0.0,16.285238095238093,6.83809523809524,22.607142857142858,19.698125,6.221088186693144,0.54
P0332,JA北いぶき,43.80416667,141.99375,2026-05-25,20.180000000000003,21.62,21.62,16.6,1.8,2026-07-30,2026-07-05,1,0.0,16.257142857142856,7.071428571428571,22.65,19.65375,6.232445854603824,0.54
P0333,JA北いぶき,43.8125,141.91875,2026-05-25,20.490000000000002,21.6,21.6,16.7,1.8,2026-07-31,2026-07-06,1,0.0,16.41904761904762,7.604761904761904,22.82857142857143,19.145625000000003,6.336217603779679,0.54
P0334,JA北いぶき,43.84583333,141.89375,2026-05-25,20.28,21.315,21.315,16.9,3.0,2026-07-31,2026-07-06,1,0.0,16.238095238095237,7.176190476190477,22.59285714285715,19.05375,6.366405307530202,0.54
P0335,JA北いぶき,43.84583333,141.93125,2026-05-25,20.110000000000003,21.215000000000003,21.215000000000003,17.0,3.6,2026-07-31,2026-07-06,1,0.0,16.256666666666668,7.395238095238096,22.535714285714285,19.10125,6.354872886751463,0.54
P0336,JA北いぶき,43.87916667,141.90625,2026-05-25,20.400000000000002,20.485,20.485,17.7,10.6,2026-08-02,2026-07-08,1,0.0,16.156190476190478,7.233333333333333,22.385714285714283,17.6475,6.682397734115517,0.54
P0337,JA北いぶき,43.79583333,142.00625,2026-05-25,20.230000000000004,21.445000000000004,21.445000000000004,16.8,2.4,2026-07-31,2026-07-06,1,0.0,16.19,7.176190476190477,22.664285714285718,18.984375,6.384388368039047,0.54
P0338,JA北いぶき,43.82083333,142.03125,2026-05-25,20.050000000000004,21.545,21.545,16.7,2.0,2026-07-30,2026-07-05,1,0.0,16.197142857142858,7.457142857142858,22.650000000000002,19.643124999999998,6.23806035946818,0.54
P0339,JA北ひびき,43.99583333,142.39375,2026-05-25,19.96,21.800000000000004,21.800000000000004,16.5,1.2,2026-07-30,2026-07-05,1,0.0,16.003333333333334,5.557142857142857,23.57857142857143,19.58125,6.262300554532568,0.54
P0340,JA北ひびき,44.02916667,142.34375,2026-05-25,20.43,21.505000000000003,21.505000000000003,16.7,2.2,2026-07-31,2026-07-06,1,0.0,16.054761904761907,6.247619047619047,23.47857142857143,18.801875000000003,6.432168889678065,0.54
P0341,JA北ひびき,44.0125,142.41875,2026-05-25,19.860000000000003,21.715000000000003,21.715000000000003,16.6,1.5,2026-07-30,2026-07-05,1,0.0,15.989047619047618,5.595238095238096,23.550000000000004,19.5725,6.265015376376092,0.54
P0342,JA北ひびき,44.07083333,142.39375,2026-05-25,19.92,21.700000000000003,21.700000000000003,16.6,1.5,2026-07-30,2026-07-05,1,0.0,16.107142857142858,6.333333333333333,23.478571428571428,19.528750000000002,6.268290014691871,0.54
P0343,JA北ひびき,44.07083333,142.41875,2026-05-25,20.350000000000005,21.369999999999997,21.369999999999997,16.9,2.8,2026-07-31,2026-07-06,1,0.0,16.24761904761905,6.20952380952381,23.435714285714287,18.846875,6.411718947536376,0.54
P0344,JA北ひびき,44.09583333,142.36875,2026-05-25,19.950000000000003,21.650000000000002,21.650000000000002,16.6,1.7,2026-07-30,2026-07-05,1,0.0,16.060476190476194,6.60952380952381,23.36428571428572,19.44625,6.289103160721561,0.54
P0345,JA北ひびき,44.10416667,142.48125,2026-05-25,20.590000000000003,20.92,20.92,17.3,5.7,2026-08-01,2026-07-07,1,0.0,16.513809523809524,6.066666666666667,23.199999999999996,18.114375000000003,6.559531560898981,0.54
P0346,JA北ひびき,44.14583333,142.46875,2026-05-25,20.71,21.05,21.05,17.2,4.6,2026-08-01,2026-07-07,1,0.0,16.463809523809523,5.961904761904762,23.39285714285714,17.93125,6.602818371282913,0.54
P0347,JA北ひびき,44.12916667,142.50625,2026-05-25,20.6,20.904999999999998,20.904999999999998,17.3,5.8,2026-08-01,2026-07-07,1,0.0,16.578095238095237,5.895238095238096,23.05,18.12125,6.554514930490184,0.54
P0348,JA北ひびき,44.17083333,142.43125,2026-05-25,20.640000000000004,21.009999999999998,21.009999999999998,17.2,4.9,2026-08-01,2026-07-07,1,0.0,16.506666666666668,5.8571428571428585,23.300000000000004,17.894375,6.608658652994517,0.54
P0349,JA北ひびき,44.2125,142.39375,2026-05-25,21.12,20.694999999999997,20.734999999999996,17.5,7.4,2026-08-02,2026-07-08,1,0.0,16.885238095238098,6.133333333333334,23.371428571428574,17.355625000000003,6.707440560770872,0.54
P0350,JA北ひびき,44.25416667,142.36875,2026-05-25,21.150000000000002,20.685,20.735,17.5,7.4,2026-08-02,2026-07-08,1,0.0,16.593809523809522,6.357142857142857,23.350000000000005,17.186875,6.760662906012649,0.54
P0351,ホクレン定点,42.4295,139.8922,2026-05-25,20.360000000000003,22.250000000000004,22.250000000000004,16.0,0.4,2026-07-31,2026-07-06,1,0.0,14.659047619047621,8.961904761904762,21.957142857142856,17.960625,6.694388493791583,0.54
P0352,ホクレン定点,42.4457558,139.971582,2026-05-25,20.490000000000002,22.060000000000006,22.060000000000006,16.2,0.7,2026-08-01,2026-07-07,1,0.0,13.972857142857142,9.7,22.25714285714286,16.599375000000002,7.033250863385165,0.54
P0353,ホクレン定点,42.0388382,140.6194445,2026-05-25,20.480000000000004,20.729999999999997,20.729999999999997,17.5,7.5,2026-08-04,2026-07-10,1,0.0,12.422380952380953,10.723809523809523,22.514285714285716,15.085,7.453005322434828,0.54
P0354,ホクレン定点,42.5512632,140.898632,2026-05-25,20.01,21.565,21.565,16.7,1.9,2026-08-02,2026-07-08,1,0.0,14.546190476190475,13.266666666666667,22.478571428571428,15.433125,7.26046533687404,0.54
P0355,ホクレン定点,42.6052,141.942,2026-05-25,19.740000000000002,20.605000000000008,20.605000000000008,17.6,9.0,2026-08-04,2026-07-10,1,0.0,12.86761904761905,7.538095238095239,22.1,15.454375,7.346977788442446,0.54
P0356,ホクレン定点,42.654934,141.905777,2026-05-25,19.73,20.605000000000004,20.605000000000004,17.6,9.0,2026-08-04,2026-07-10,1,0.0,13.006666666666666,8.042857142857144,22.22142857142858,15.613125,7.304251830334001,0.54
P0357,ホクレン定点,42.25222,142.679089,2026-05-25,20.740000000000002,20.04,20.04,18.1,19.2,2026-08-08,2026-07-14,1,0.0,13.946666666666667,8.695238095238096,20.671428571428574,14.706249999999999,7.45407811152409,0.54
P0358,ホクレン定点,42.2616,142.6377,2026-05-25,20.53,20.22,20.22,18.0,15.2,2026-08-07,2026-07-13,1,0.0,13.273333333333333,8.776190476190477,20.914285714285715,15.096875,7.404130421611258,0.54
P0359,ホクレン定点,42.4322,142.2607,2026-05-25,20.18,20.92,20.92,17.3,5.7,2026-08-04,2026-07-10,1,0.0,12.752857142857144,10.114285714285714,22.00714285714286,16.469375,7.128350744105563,0.54
P0360,ホクレン定点,42.437031,142.264127,2026-05-25,19.82,21.130000000000003,21.130000000000003,17.1,4.1,2026-08-03,2026-07-09,1,0.0,13.0,10.414285714285713,22.107142857142858,16.545,7.098166022903204,0.54
P0361,ホクレン定点,42.517491,142.374975,2026-05-25,20.090000000000003,20.535,20.535,17.7,9.9,2026-08-04,2026-07-10,1,0.0,12.696190476190477,12.423809523809526,22.37857142857143,16.767500000000002,7.065383457569686,0.54
P0362,ホクレン定点,42.8059978,140.5354387,2026-05-25,20.1,22.055000000000003,22.055000000000003,16.2,0.7,2026-07-31,2026-07-06,1,0.0,14.298571428571428,10.19047619047619,22.40714285714285,17.58875,6.796363583128418,0.54
P0363,ホクレン定点,42.765209,140.680795,2026-05-25,19.98,21.67,21.67,16.6,1.6,2026-08-01,2026-07-07,1,0.0,14.837142857142856,9.047619047619047,22.49285714285715,17.189375,6.8555732459856955,0.54
P0364,ホクレン定点,42.7668798,140.6778083,2026-05-25,20.0,21.87,21.87,16.4,1.1,2026-07-31,2026-07-06,1,0.0,14.360000000000003,9.114285714285716,22.550000000000004,18.086875,6.682670425755361,0.54
P0365,ホクレン定点,42.9938965,140.5917208,2026-05-25,21.439999999999998,22.905,23.051666666666666,15.3,0.0,2026-07-29,2026-07-04,1,0.0,17.26714285714286,8.200000000000001,22.80714285714286,21.2375,5.826693626589723,0.54
P0366,ホクレン定点,42.7145588,141.9154651,2026-05-25,19.34,20.785000000000004,20.785000000000004,17.4,6.9,2026-08-03,2026-07-09,1,0.0,13.29809523809524,8.742857142857142,22.3,15.505625,7.312230062132247,0.54
P0367,ホクレン定点,42.922417,141.6125,2026-05-25,19.57,21.815,21.815,16.5,1.2,2026-07-31,2026-07-06,1,0.0,14.099047619047619,5.328571428571429,21.828571428571433,17.670625,6.789067860888068,0.54
P0368,ホクレン定点,43.0314392,141.69067,2026-05-25,19.280000000000005,21.89,21.89,16.4,1.0,2026-07-30,2026-07-05,1,0.0,14.96,3.961904761904762,21.95,19.05625,6.435308189572719,0.54
P0369,ホクレン定点,43.0808578,141.702924,2026-05-25,19.380000000000003,21.965,21.965,16.3,0.8,2026-07-30,2026-07-05,1,0.0,15.217142857142857,4.076190476190477,22.007142857142856,19.321875,6.362487324380403,0.54
P0370,ホクレン定点,43.063188,141.812121,2026-05-25,19.630000000000003,22.105000000000004,22.105000000000004,16.2,0.6,2026-07-29,2026-07-04,1,0.0,16.162380952380953,4.9714285714285715,22.10714285714286,20.030625,6.1541024951336265,0.54
P0371,ホクレン定点,43.149049,141.561271,2026-05-25,19.7,22.12,22.12,16.2,0.6,2026-07-31,2026-07-06,1,0.0,15.455238095238098,4.023809523809524,22.207142857142856,18.320625,6.5713657666432095,0.54
P0372,ホクレン定点,43.149487,141.561207,2026-05-25,19.7,22.12,22.12,16.2,0.6,2026-07-31,2026-07-06,1,0.0,15.455238095238098,4.023809523809524,22.207142857142856,18.320625,6.5713657666432095,0.54
P0373,ホクレン定点,43.15049,141.50594,2026-05-25,19.94,22.470000000000002,22.470000000000002,15.8,0.1,2026-07-30,2026-07-05,1,0.0,15.865714285714288,4.633333333333333,22.392857142857142,19.32625,6.326272156411455,0.54
P0374,ホクレン定点,43.145251,141.813826,2026-05-25,19.420000000000005,22.125000000000004,22.125000000000004,16.2,0.5,2026-07-30,2026-07-05,1,0.0,15.66904761904762,6.433333333333333,22.407142857142855,19.638749999999998,6.267728376336209,0.54
P0375,ホクレン定点,43.2163494,141.528375,2026-05-25,19.69,22.05,22.05,16.2,0.7,2026-07-31,2026-07-06,1,0.0,15.41714285714286,4.895238095238095,22.300000000000004,18.304375,6.577036045994145,0.54
P0376,ホクレン定点,43.183652,141.702816,2026-05-25,19.78,22.225,22.225,16.1,0.4,2026-07-29,2026-07-04,1,0.0,16.78666666666667,5.5095238095238095,22.185714285714287,20.615000000000002,5.990713589396646,0.54
P0377,ホクレン定点,43.3561456,141.8600412,2026-05-25,20.18,22.26,22.26,16.0,0.3,2026-07-28,2026-07-03,1,0.0,16.51761904761905,5.819047619047619,22.10714285714286,20.962500000000002,5.92834935633248,0.54
P0378,ホクレン定点,43.3598838,141.833514,2026-05-25,20.21,22.295000000000005,22.295000000000005,16.0,0.3,2026-07-28,2026-07-03,1,0.0,16.57047619047619,5.5476190476190474,22.20714285714286,20.965625000000003,5.924784576609796,0.54
P0379,ホクレン定点,43.4536225,141.910917,2026-05-25,20.630000000000003,22.505,22.505,15.8,0.1,2026-07-28,2026-07-03,1,0.0,17.174761904761905,7.085714285714286,22.62857142857143,21.095000000000002,5.863283500130566,0.54
P0380,ホクレン定点,43.525366,141.830959,2026-05-25,20.06,21.995,21.995,16.3,0.8,2026-07-29,2026-07-04,1,0.0,16.97761904761905,7.352380952380953,22.507142857142856,20.57875,5.9883673292429815,0.54
P0381,ホクレン定点,43.5863226,141.7597263,2026-05-25,19.82,21.6,21.6,16.7,1.8,2026-07-31,2026-07-06,1,0.0,15.616190476190479,7.033333333333333,22.59285714285715,18.818125,6.4524025559872875,0.54
P0382,ホクレン定点,43.5935584,141.943923,2026-05-25,20.05,21.965,21.965,16.3,0.8,2026-07-29,2026-07-04,1,0.0,16.707142857142863,6.909523809523811,22.371428571428574,20.539375,6.011789230806421,0.54
P0383,ホクレン定点,43.6968,141.9341,2026-05-25,20.31,22.035000000000004,22.035000000000004,16.2,0.7,2026-07-29,2026-07-04,1,0.0,17.23857142857143,7.0857142857142845,22.521428571428576,20.695,5.948432059221614,0.54
P0384,ホクレン定点,43.6975857,141.932061,2026-05-25,20.31,22.035000000000004,22.035000000000004,16.2,0.7,2026-07-29,2026-07-04,1,0.0,17.23857142857143,7.0857142857142845,22.521428571428576,20.695,5.948432059221614,0.54
P0385,ホクレン定点,43.7138098,141.892753,2026-05-25,20.35,22.01,22.01,16.3,0.8,2026-07-29,2026-07-04,1,0.0,17.280476190476193,6.9190476190476184,22.550000000000004,20.6625,5.9533548571605275,0.54
P0386,ホクレン定点,43.7567468,141.9016809,2026-05-25,20.32,21.885,21.885,16.4,1.0,2026-07-30,2026-07-05,1,0.0,16.53,7.009523809523809,22.821428571428566,19.894375,6.164309526940231,0.54
P0387,ホクレン定点,43.3338147,142.405913,2026-05-25,19.970000000000006,22.515000000000004,22.515000000000004,15.8,0.0,2026-07-29,2026-07-04,1,0.0,16.52047619047619,6.271428571428572,23.042857142857148,21.415625,5.82780852604001,0.54
P0388,ホクレン定点,43.3605939,142.391468,2026-05-25,20.07,22.615000000000002,22.615000000000002,15.7,-0.0,2026-07-29,2026-07-04,1,0.0,16.312857142857144,6.261904761904762,23.142857142857142,21.23125,5.879937902485043,0.54
P0389,ホクレン定点,43.3928123,142.397763,2026-05-25,20.090000000000003,22.64,22.64,15.7,0.0,2026-07-29,2026-07-04,1,0.0,16.464761904761904,5.995238095238095,23.142857142857146,21.348125000000003,5.845790247098389,0.54
P0390,ホクレン定点,43.4308,142.4309,2026-05-25,20.03,22.404999999999998,22.404999999999998,15.9,0.2,2026-07-30,2026-07-05,1,0.0,15.976666666666668,5.466666666666666,23.071428571428577,20.88875,5.974085456707504,0.54
P0391,ホクレン定点,43.516713,142.195237,2026-05-25,20.32,22.450000000000003,22.450000000000003,15.9,0.1,2026-07-29,2026-07-04,1,0.0,16.852857142857143,6.642857142857143,22.807142857142857,20.824375000000003,5.940731485267326,0.54
P0392,ホクレン定点,43.5169,142.1951,2026-05-25,20.32,22.450000000000003,22.450000000000003,15.9,0.1,2026-07-29,2026-07-04,1,0.0,16.852857142857143,6.642857142857143,22.807142857142857,20.824375000000003,5.940731485267326,0.54
P0393,ホクレン定点,43.589857,142.483664,2026-05-25,20.180000000000003,21.715,21.715,16.6,1.5,2026-07-31,2026-07-06,1,0.0,15.713809523809525,7.60952380952381,22.807142857142853,19.378125,6.323034843922981,0.54
P0394,ホクレン定点,43.719843,142.073141,2026-05-25,20.240000000000002,21.96,21.96,16.3,0.9,2026-07-29,2026-07-04,1,0.0,17.12095238095238,7.5,22.550000000000004,20.524375,5.99262429832405,0.54
P0395,ホクレン定点,43.7207,142.0706,2026-05-25,20.240000000000002,21.96,21.96,16.3,0.9,2026-07-29,2026-07-04,1,0.0,17.12095238095238,7.5,22.550000000000004,20.524375,5.99262429832405,0.54
P0396,ホクレン定点,43.7207526,142.0726707,2026-05-25,20.240000000000002,21.96,21.96,16.3,0.9,2026-07-29,2026-07-04,1,0.0,17.12095238095238,7.5,22.550000000000004,20.524375,5.99262429832405,0.54
P0397,ホクレン定点,43.7031387,142.4422321,2026-05-25,20.03,22.190000000000005,22.190000000000005,16.1,0.4,2026-07-30,2026-07-05,1,0.0,15.693333333333333,7.371428571428572,23.228571428571424,19.68625,6.2558854187463595,0.54
P0398,ホクレン定点,43.6995162,142.533553,2026-05-25,20.550000000000004,21.525,21.525,16.7,2.1,2026-08-01,2026-07-07,1,0.0,15.688095238095238,5.114285714285715,22.928571428571434,18.193125000000002,6.586957811762763,0.54
P0399,ホクレン定点,43.8038132,142.451564,2026-05-25,20.160000000000004,22.255000000000003,22.255000000000003,16.0,0.4,2026-07-29,2026-07-04,1,0.0,16.253333333333334,7.333333333333333,23.10714285714286,20.083125,6.137528905328963,0.54
P0400,ホクレン定点,43.8313178,142.396846,2026-05-25,20.229999999999997,22.044999999999998,22.044999999999998,16.2,0.7,2026-07-30,2026-07-05,1,0.0,15.762380952380951,8.452380952380953,23.221428571428568,19.716250000000002,6.245486882434303,0.54
P0401,ホクレン定点,43.8656,142.4709,2026-05-25,20.410000000000004,21.68,21.68,16.6,1.6,2026-07-31,2026-07-06,1,0.0,15.753809523809522,7.5809523809523816,23.071428571428573,19.240625,6.351322911921237,0.54
P0402,ホクレン定点,43.8676478,142.473507,2026-05-25,20.020000000000003,21.759999999999998,21.759999999999998,16.5,1.3,2026-07-30,2026-07-05,1,0.0,15.82904761904762,7.300000000000001,23.03571428571429,20.075625000000002,6.16224781768172,0.54
P0403,ホクレン定点,43.8483791,142.5304555,2026-05-25,20.110000000000003,21.865000000000002,21.865000000000002,16.4,1.1,2026-07-30,2026-07-05,1,0.0,15.789047619047619,7.419047619047619,23.09285714285715,20.014375,6.177990934069728,0.54
P0404,ホクレン定点,43.8494162,142.529125,2026-05-25,20.110000000000003,21.865000000000002,21.865000000000002,16.4,1.1,2026-07-30,2026-07-05,1,0.0,15.789047619047619,7.419047619047619,23.09285714285715,20.014375,6.177990934069728,0.54
P0405,ホクレン定点,43.851474,142.529663,2026-05-25,20.03,21.815,21.815,16.5,1.2,2026-07-30,2026-07-05,1,0.0,15.839523809523806,7.438095238095239,23.09285714285715,20.058125,6.165555459826179,0.54
P0406,ホクレン定点,43.999787,142.425076,2026-05-25,20.380000000000003,21.520000000000003,21.520000000000003,16.7,2.1,2026-07-31,2026-07-06,1,0.0,16.080952380952382,5.433333333333333,23.528571428571432,18.927500000000002,6.402914564320102,0.54
P0407,ホクレン定点,44.0005,141.7578,2026-05-25,20.810000000000002,21.720000000000002,21.720000000000002,16.5,1.4,2026-07-31,2026-07-06,1,0.0,16.40857142857143,8.228571428571428,22.764285714285712,19.590000000000003,6.238339839195547,0.54
P0408,ホクレン定点,44.0024157,141.757707,2026-05-25,20.810000000000002,21.720000000000002,21.720000000000002,16.5,1.4,2026-07-31,2026-07-06,1,0.0,16.40857142857143,8.228571428571428,22.764285714285712,19.590000000000003,6.238339839195547,0.54
P0409,ホクレン定点,44.3656966,141.724658,2026-05-25,21.23,22.15,22.226666666666667,16.1,0.4,2026-07-30,2026-07-05,1,0.0,15.984285714285715,9.204761904761906,22.757142857142856,19.76125,6.223458378169467,0.54
